tenure_months,monthly_charges,support_tickets,promo_weeks_last_quarter,is_monthly,churned
58,36.09,1,2,1,0
7,52.6,0,2,1,0
13,130.0,0,0,1,1
17,80.43,2,2,0,0
13,61.49,3,3,1,0
57,72.14,1,2,1,0
62,15.0,1,3,1,0
42,94.07,1,1,1,0
3,64.95,1,3,1,1
7,33.09,3,2,1,0
24,85.24,1,0,0,1
31,49.26,0,0,0,0
45,41.32,0,3,1,0
35,72.39,1,1,0,0
19,69.97,0,0,0,0
12,52.76,1,2,1,0
50,60.48,2,2,1,0
53,35.07,1,3,0,0
3,33.03,0,2,0,0
9,79.98,0,1,0,1
33,88.35,2,2,0,0
28,70.63,2,1,0,0
64,69.47,0,2,1,0
37,54.08,1,0,0,0
30,59.4,0,1,1,0
31,43.25,0,1,1,0
48,97.17,1,0,0,1
42,50.64,0,0,0,0
13,70.21,1,1,0,1
53,62.0,0,2,1,0
54,33.99,1,1,1,0
68,100.78,0,3,0,0
56,54.48,0,0,1,0
21,46.63,2,0,0,0
23,64.29,0,0,1,1
47,44.03,2,0,1,0
47,62.59,1,0,1,0
50,42.79,1,3,1,0
62,73.31,0,0,0,0
21,63.11,1,1,1,0
67,34.63,1,0,1,0
1,82.75,1,0,1,1
6,65.89,2,0,0,1
70,39.94,0,3,1,0
68,69.23,2,3,0,0
22,70.66,1,3,0,0
10,99.31,1,2,1,0
23,44.79,0,0,0,0
4,79.22,2,0,1,1
64,60.22,2,0,1,0
48,74.47,2,1,1,1
42,56.89,2,3,1,0
18,60.99,1,2,1,0
34,72.12,1,2,1,0
14,38.32,0,1,0,0
55,20.03,1,0,1,0
34,62.0,3,2,0,0
3,53.26,0,2,1,0
19,63.96,1,2,1,0
51,75.12,0,3,0,0
37,57.93,0,0,1,1
27,86.23,0,2,0,0
19,61.52,0,2,1,0
7,64.65,2,0,1,1
44,79.1,0,1,0,0
47,74.23,1,1,1,0
37,60.71,1,2,1,0
67,65.03,0,0,1,0
66,47.35,2,3,0,0
15,50.23,1,0,1,1
44,64.63,1,3,1,0
45,78.93,1,3,1,0
18,53.88,0,2,1,0
22,79.47,1,1,1,1
35,101.59,2,3,1,1
53,105.76,3,2,0,1
21,63.27,3,3,1,0
52,83.92,1,3,0,0
47,75.06,1,2,1,0
16,78.61,1,0,0,0
28,79.68,2,2,0,1
59,73.4,0,0,1,0
60,79.51,0,3,1,0
47,66.81,2,0,1,0
1,57.8,1,1,1,1
49,68.12,1,3,1,0
16,72.94,5,3,0,1
59,87.61,1,3,1,0
65,70.53,2,0,0,0
31,77.98,0,0,0,0
68,91.67,1,2,0,0
54,44.4,0,3,0,0
24,57.85,0,0,1,1
63,73.94,2,2,0,0
28,63.63,1,3,1,0
8,42.79,3,0,1,1
43,82.93,1,3,1,0
61,61.68,0,1,1,0
47,43.03,4,1,1,0
28,101.06,1,2,0,0
65,37.35,1,0,0,0
35,62.77,1,3,1,0
28,49.59,1,0,1,0
11,65.22,2,2,1,1
16,74.32,1,1,1,1
50,46.63,2,1,1,0
57,60.91,1,0,1,0
21,60.36,1,2,1,0
45,42.86,2,1,0,0
62,86.34,0,3,1,0
11,66.4,1,2,1,1
20,57.16,1,2,1,1
38,49.58,0,2,0,0
40,56.22,2,2,0,0
29,65.77,2,2,0,0
29,53.65,2,0,1,1
10,87.94,1,0,1,1
44,15.0,0,3,0,0
67,19.94,1,0,0,0
14,57.74,0,3,1,0
57,25.91,3,2,1,0
13,61.52,1,0,0,0
4,49.69,1,0,0,1
54,74.52,1,0,1,0
13,71.18,0,3,1,0
54,89.1,1,3,0,0
24,81.33,6,3,1,1
41,88.02,0,3,1,0
67,73.51,0,0,1,0
66,84.3,1,3,1,0
34,72.95,0,3,1,0
15,51.06,1,0,1,0
18,37.84,3,1,1,0
61,38.65,0,2,0,0
42,72.58,3,3,1,0
12,15.11,1,0,1,0
63,66.42,2,0,1,0
69,47.83,0,2,1,0
69,77.63,2,3,0,0
45,66.9,1,0,1,0
70,47.87,0,1,1,0
44,63.18,3,3,0,0
36,17.33,0,3,1,0
69,68.31,0,3,1,0
43,72.24,1,1,0,0
56,26.07,0,2,1,0
25,80.11,1,1,1,0
57,60.53,1,1,0,0
70,66.38,1,0,0,0
4,34.47,1,3,0,0
39,75.06,1,3,1,0
27,74.6,0,3,0,0
4,62.67,1,1,0,1
7,43.26,0,3,0,0
20,78.27,0,2,0,1
14,87.99,0,2,1,0
51,71.05,1,0,1,0
16,83.12,0,0,1,0
45,51.39,1,3,0,0
61,66.25,1,3,1,0
36,70.72,3,1,0,0
9,66.13,3,3,1,1
5,119.73,2,3,0,1
22,71.74,1,1,0,0
30,52.15,0,3,1,0
35,80.01,0,0,1,1
22,41.73,0,0,1,0
61,70.89,1,1,1,0
41,78.98,2,3,0,0
69,53.75,2,1,0,0
67,57.23,3,2,1,0
51,44.89,0,3,1,0
2,66.36,0,0,1,0
16,50.24,1,2,1,0
54,98.53,1,0,0,0
39,76.8,0,0,0,0
68,59.4,0,3,0,0
51,35.55,1,1,1,0
59,104.68,2,0,1,1
4,90.05,0,0,1,1
21,73.47,1,0,1,1
49,67.98,1,0,0,0
45,67.49,2,0,0,0
27,54.69,0,1,1,0
12,101.72,1,1,1,1
42,68.19,2,1,1,1
7,35.28,0,0,1,1
48,50.94,0,2,1,0
57,15.0,2,0,1,0
48,77.28,3,0,1,1
5,79.38,1,0,1,1
38,99.53,2,1,0,0
22,106.09,0,0,1,1
40,48.43,1,1,1,0
49,73.07,0,2,0,0
15,84.0,1,1,0,0
3,79.92,3,3,1,1
36,53.84,3,1,1,1
45,80.1,2,0,0,0
9,73.91,1,1,1,1
66,91.24,2,0,0,0
35,63.39,1,1,1,0
69,59.16,0,0,0,0
39,53.7,0,1,0,0
52,56.32,1,3,1,0
55,48.53,0,2,1,0
36,57.03,2,1,0,0
28,73.87,0,0,1,0
48,72.99,0,1,0,0
2,90.17,2,2,0,1
44,85.65,1,1,0,0
38,76.25,0,0,1,0
11,40.62,0,1,1,0
15,75.06,0,2,1,0
3,86.93,1,2,0,0
53,37.5,1,3,0,0
49,41.2,0,0,0,0
28,44.41,1,2,0,0
68,42.66,0,0,1,0
28,57.62,2,1,0,0
22,44.65,1,3,1,0
65,71.09,1,0,0,0
6,39.03,0,3,1,0
28,60.71,0,2,1,0
2,53.24,4,0,0,1
25,43.8,2,3,0,0
52,83.9,2,0,1,1
25,63.74,0,0,1,0
35,74.0,0,1,1,0
35,56.49,1,0,1,0
5,77.22,3,0,0,0
7,75.44,0,0,1,1
22,60.09,0,1,1,1
39,27.64,0,1,0,0
6,79.56,3,2,0,1
66,76.99,1,0,1,0
61,66.76,2,2,1,0
40,68.0,0,2,1,0
52,65.62,1,2,1,0
53,67.0,5,1,0,1
1,43.04,2,3,0,0
68,62.03,0,3,1,0
4,69.52,4,3,0,0
60,50.9,1,3,0,0
60,43.74,0,2,1,0
53,100.35,1,3,1,0
10,75.3,1,3,1,1
58,57.03,0,2,0,0
69,53.31,0,2,1,0
59,15.0,3,1,0,0
50,34.65,2,2,0,0
19,58.17,3,0,1,0
40,88.93,5,3,0,1
35,22.0,3,0,0,0
62,49.17,0,0,1,0
25,101.46,1,1,0,0
30,76.57,4,2,1,1
19,71.47,2,0,1,1
35,87.08,1,2,1,0
41,60.78,2,1,1,0
33,59.64,0,0,1,0
23,77.49,2,0,1,1
40,80.22,0,2,1,1
44,41.85,0,0,0,0
12,93.76,2,0,0,0
42,28.32,1,3,0,0
51,49.31,2,2,1,0
8,124.71,0,1,1,1
44,52.99,0,2,0,0
32,76.35,2,3,0,0
67,43.19,1,0,1,0
28,56.82,1,3,1,1
23,48.83,3,0,1,1
51,55.27,0,0,1,0
62,76.37,1,1,1,0
7,98.24,0,0,1,1
8,80.73,2,3,0,1
12,94.41,3,1,1,1
25,53.13,1,0,1,1
37,92.59,4,1,0,1
41,74.55,2,1,1,0
29,90.7,0,2,1,0
63,54.89,0,1,0,0
48,58.59,1,0,0,0
12,90.57,0,2,1,1
24,75.42,1,3,1,0
15,65.33,2,3,0,0
15,49.47,1,0,1,0
61,61.12,0,2,1,0
67,72.8,1,2,1,0
31,77.5,2,0,0,0
18,51.92,1,3,1,0
60,56.17,4,3,0,0
11,71.52,3,0,1,1
10,40.73,1,2,1,1
20,81.59,1,3,0,1
26,62.6,1,2,1,0
25,59.95,2,2,1,0
20,15.0,1,3,1,0
16,30.53,0,2,0,0
45,41.57,1,2,1,1
39,50.57,1,1,0,0
47,40.22,1,1,0,0
67,69.56,2,0,0,0
67,64.73,1,2,1,0
9,56.67,1,1,0,0
57,21.31,1,2,1,0
30,89.96,0,1,0,0
59,56.42,1,3,1,0
48,73.81,0,1,1,0
4,48.58,0,2,1,0
63,61.94,0,0,0,0
66,75.89,0,0,1,0
71,66.67,2,0,1,0
5,81.18,2,2,1,1
11,58.31,3,1,1,1
45,101.77,1,2,1,0
39,24.05,1,1,1,0
7,50.87,2,0,1,0
63,81.49,0,1,1,0
17,56.86,1,2,0,0
4,53.01,1,0,0,0
62,26.36,0,0,1,0
42,85.81,0,0,0,0
2,23.87,2,1,1,0
13,71.96,0,3,1,1
63,65.69,2,0,0,0
55,79.28,2,3,0,0
62,90.94,0,1,0,0
67,47.68,2,2,1,0
22,45.52,0,1,1,0
39,55.35,1,1,1,0
27,27.3,0,3,0,0
1,78.06,3,1,1,1
17,53.66,1,3,1,0
5,64.77,0,0,0,1
9,38.96,0,0,1,0
30,61.71,1,1,0,0
66,49.04,3,3,0,0
61,59.93,1,1,1,0
46,39.55,0,0,0,0
17,81.88,2,0,1,1
10,48.35,2,3,1,0
48,15.0,1,1,1,0
53,74.2,1,1,1,0
29,55.28,0,1,1,0
10,43.57,0,1,1,0
19,111.34,4,2,0,1
71,60.17,2,1,1,0
50,34.43,1,1,0,0
41,48.88,2,0,0,0
22,68.77,1,0,1,1
62,56.64,1,3,1,0
27,85.98,1,3,1,0
32,82.43,0,2,0,0
55,45.32,2,2,0,0
30,61.91,1,1,1,0
36,73.98,2,1,1,0
3,52.89,1,0,0,1
56,51.87,2,0,0,0
21,78.74,1,3,1,0
37,70.17,1,3,0,0
39,33.1,1,1,0,0
12,50.18,0,3,0,0
18,52.89,3,2,1,1
32,58.79,1,1,1,0
8,46.8,0,1,0,0
62,88.0,1,2,1,1
25,41.76,1,0,0,0
41,39.44,1,3,0,0
11,65.38,3,1,1,1
69,16.1,0,3,1,0
34,40.55,1,2,1,0
1,73.7,2,1,1,1
25,34.68,1,0,1,1
25,44.3,1,0,0,0
17,82.93,4,0,1,1
55,70.35,3,1,1,0
70,62.38,4,3,1,0
49,66.13,2,3,0,0
14,47.73,1,3,0,0
40,67.48,1,2,0,1
33,57.26,1,2,0,0
48,111.33,1,0,1,1
60,72.14,0,1,1,0
63,54.62,0,0,1,0
58,60.34,1,1,0,0
49,62.49,0,1,0,0
33,33.83,0,0,1,0
39,44.96,2,1,0,0
13,92.0,1,2,1,1
40,33.38,2,2,0,0
37,49.86,0,2,0,0
48,81.97,2,0,1,1
34,91.74,2,1,0,0
23,41.05,0,0,1,0
37,90.8,1,0,1,1
48,54.31,0,1,1,0
14,94.72,0,2,1,1
44,71.63,0,3,0,0
25,55.97,0,3,1,0
56,76.23,1,2,0,0
43,72.87,3,1,0,0
35,46.22,1,0,0,0
3,104.66,1,1,1,1
2,54.81,1,3,1,1
17,84.77,1,2,1,1
39,52.0,2,2,1,0
34,25.17,0,0,0,0
61,39.27,1,2,0,0
10,59.71,3,0,0,1
46,75.38,0,2,1,0
28,96.96,1,1,0,1
46,63.36,1,1,0,0
7,56.09,2,2,1,1
28,37.13,0,0,0,0
10,60.81,1,2,0,0
26,67.73,3,2,0,0
14,17.44,2,1,0,0
52,87.83,0,0,0,0
49,84.48,1,2,1,0
6,107.27,1,2,1,1
22,43.49,3,2,1,0
62,62.49,0,0,1,0
65,62.0,0,3,1,0
63,35.13,0,3,0,0
9,44.65,1,2,1,1
69,41.94,2,2,0,0
30,71.95,2,2,0,1
10,70.27,0,1,1,1
51,88.63,0,2,0,0
9,53.56,1,1,0,0
3,33.63,2,2,1,1
64,70.39,2,0,1,0
9,69.0,2,2,1,1
29,74.93,2,1,1,0
63,86.54,0,1,0,0
20,49.87,0,2,1,0
20,77.57,1,3,1,0
28,41.47,2,2,1,0
55,64.71,2,0,1,0
47,75.39,0,0,1,0
22,59.26,1,2,1,0
12,65.93,2,1,0,0
31,33.67,2,1,0,0
35,48.54,2,1,1,0
30,64.56,0,2,1,0
47,37.46,1,3,1,0
8,44.45,4,2,0,1
52,110.25,1,1,0,0
39,66.67,4,1,0,1
1,44.96,2,3,1,1
48,40.75,1,3,0,0
58,89.0,4,0,0,0
26,15.0,3,0,1,0
31,53.85,0,2,1,0
42,72.87,0,3,1,0
31,48.89,1,3,0,0
37,70.5,0,2,1,0
40,38.93,2,0,1,1
43,59.55,0,3,1,0
20,60.61,0,0,1,0
8,59.98,0,1,1,1
63,62.58,1,2,1,0
33,60.39,2,1,1,1
16,82.03,1,0,1,1
71,54.29,0,0,1,0
39,47.74,3,1,0,0
24,53.86,1,1,1,0
12,53.38,1,1,0,0
1,28.95,2,1,1,1
44,21.16,0,1,1,0
45,32.32,1,0,0,0
65,65.06,2,3,0,0
70,46.01,1,2,1,0
63,51.11,2,1,0,0
5,116.75,1,0,1,1
10,81.86,0,1,1,0
42,55.14,2,1,1,0
45,46.7,2,3,1,0
15,86.88,0,0,1,1
64,43.69,1,0,1,0
67,84.09,2,1,0,0
15,71.1,1,0,0,0
46,87.06,2,0,0,0
30,44.82,0,2,1,0
40,77.42,0,3,1,0
51,23.04,3,3,1,0
36,55.83,1,0,0,0
53,80.91,2,1,1,0
20,73.22,1,3,1,0
33,22.53,3,1,0,0
11,72.99,0,1,1,1
46,68.36,0,3,0,0
28,57.95,1,2,0,1
48,44.75,1,1,1,0
70,53.59,3,2,1,0
26,47.72,2,3,1,0
56,78.16,0,3,1,0
47,68.54,1,2,0,0
53,80.6,1,3,1,0
41,73.01,0,1,0,0
19,33.55,1,1,1,0
50,61.93,0,2,1,1
26,102.1,2,2,1,1
37,36.98,1,0,1,0
39,64.82,1,3,0,0
24,43.57,1,2,0,0
35,41.39,0,3,0,0
31,63.42,1,0,0,0
19,77.58,2,2,1,1
66,74.56,1,0,1,0
66,68.44,1,1,1,1
14,78.2,1,3,1,0
25,26.56,3,3,1,0
11,75.53,2,0,0,1
13,67.25,0,2,1,0
1,55.48,0,1,0,1
27,58.94,0,2,0,0
61,42.07,2,0,1,0
15,82.46,0,3,0,0
71,44.06,2,2,1,0
61,29.6,0,3,0,0
17,59.01,3,0,0,0
1,47.54,2,1,0,0
19,57.73,4,1,0,0
31,89.42,1,3,1,0
15,56.39,1,2,1,0
48,61.63,2,3,0,0
43,104.55,4,2,0,1
53,31.06,1,2,1,0
35,66.55,1,1,0,0
40,82.6,4,2,1,1
59,89.58,0,3,1,0
43,104.24,3,3,1,0
15,46.06,1,0,1,0
63,71.5,0,2,1,0
63,57.39,2,0,1,0
40,50.21,0,1,1,0
33,44.77,1,3,1,0
46,29.99,1,3,1,0
58,66.04,3,0,1,0
56,74.46,0,1,1,1
57,38.03,0,3,1,0
20,74.64,0,1,1,0
65,48.26,1,3,1,0
2,39.02,1,1,1,1
36,15.0,3,3,1,1
31,81.56,0,3,0,0
44,73.8,0,2,0,0
46,53.13,0,0,0,0
40,51.64,2,2,0,0
5,33.27,0,0,0,1
14,69.84,2,0,0,1
38,58.18,0,2,1,0
36,70.34,2,3,1,1
15,63.07,0,1,0,0
66,31.2,1,0,1,0
11,28.22,1,1,0,1
65,68.0,0,0,1,0
45,25.57,2,3,0,0
2,65.14,0,0,1,1
27,77.94,1,2,1,1
48,33.89,2,1,1,0
12,73.39,0,2,0,0
24,60.78,4,0,1,1
62,70.73,2,3,1,0
10,47.3,1,0,1,1
67,59.83,1,1,1,0
10,68.81,0,0,1,1
31,97.13,2,0,1,1
57,75.17,0,0,0,0
4,70.48,0,0,1,1
69,34.39,0,2,0,0
44,67.28,1,1,0,0
37,46.9,1,1,1,0
50,59.28,0,3,0,0
28,66.14,1,2,1,0
55,80.32,1,3,0,0
37,72.79,1,1,1,0
8,64.69,2,1,1,1
59,59.76,2,1,1,0
61,88.27,2,3,0,0
54,43.15,1,2,1,0
51,61.82,0,0,0,0
5,88.78,0,0,0,0
6,57.17,2,3,1,1
16,77.81,0,1,0,1
25,79.06,2,3,1,0
62,101.0,0,0,0,0
6,83.92,2,3,0,1
36,27.88,1,0,1,1
69,61.12,1,1,1,0
47,66.99,0,3,1,0
53,77.71,2,3,1,0
56,68.8,2,1,0,0
28,98.95,2,0,0,1
46,83.1,3,3,1,1
9,37.04,3,0,0,1
53,47.99,0,1,1,0
18,19.08,0,1,0,0
39,95.48,0,3,1,0
50,57.93,1,3,0,0
17,57.47,0,0,1,1
61,28.31,1,3,1,0
14,51.16,3,0,1,1
49,68.5,1,2,1,0
71,51.52,1,3,1,0
51,51.61,0,1,1,0
1,46.92,1,3,1,1
49,99.34,0,2,1,0
50,48.09,1,2,0,0
12,29.73,1,1,1,1
63,48.48,3,0,0,0
68,51.73,0,1,0,0
17,56.79,1,2,1,1
57,53.63,2,2,0,0
4,35.85,0,1,0,0
52,54.34,1,0,1,1
29,66.14,1,0,0,1
11,29.88,2,3,1,1
24,98.29,3,0,0,1
61,92.64,1,0,0,0
33,21.39,2,2,1,0
47,50.7,0,3,1,0
31,78.61,4,0,0,1
13,85.37,2,3,0,0
67,94.37,1,1,0,0
9,20.68,2,3,0,0
9,35.62,0,0,1,0
30,47.73,2,0,0,1
68,69.34,1,0,0,0
37,36.39,2,0,1,1
4,67.05,2,0,1,1
66,67.51,0,0,1,0
67,72.99,0,0,0,0
37,32.25,0,0,0,0
24,62.48,3,1,1,1
13,60.02,3,0,1,1
52,50.15,1,0,1,0
4,85.19,1,0,1,1
1,52.85,4,0,1,1
70,88.31,1,3,1,0
32,46.87,2,3,1,1
27,93.68,3,2,0,1
49,92.63,1,2,1,1
3,42.51,0,3,1,0
45,66.16,2,1,0,1
21,65.77,1,3,0,0
58,39.62,1,0,1,0
27,75.5,0,1,0,0
11,71.71,1,0,1,1
33,42.0,1,2,1,0
29,61.78,0,2,1,0
45,77.94,1,1,0,0
44,56.68,0,2,0,0
2,45.45,3,3,1,0
3,93.36,1,2,0,0
32,40.16,1,3,0,0
60,67.12,0,1,1,0
49,83.09,1,1,1,0
30,76.42,1,3,1,0
49,23.06,2,2,0,0
18,53.84,1,3,1,0
25,57.87,1,1,0,0
16,56.34,1,0,0,0
26,73.46,1,3,1,1
47,71.84,2,1,0,0
12,63.62,0,3,1,0
4,66.37,2,2,1,1
50,81.63,2,2,1,0
18,86.48,2,2,1,1
27,22.7,2,0,1,1
22,105.59,0,2,0,1
19,50.08,0,3,0,0
19,77.25,1,2,1,0
17,28.35,2,1,1,0
52,51.0,2,0,1,0
30,35.96,0,1,0,0
43,83.6,2,3,0,0
32,79.58,2,1,1,0
65,61.71,2,3,1,0
43,58.17,0,1,1,0
50,69.49,1,2,0,0
69,42.56,3,1,0,0
21,49.32,1,1,1,0
32,46.12,1,1,1,0
24,78.3,0,2,1,0
17,62.2,0,2,1,1
9,35.8,0,1,0,0
35,68.68,0,2,1,0
18,72.37,0,1,0,0
4,89.86,0,1,0,0
43,50.4,2,0,1,0
39,69.91,1,3,1,0
52,103.96,0,0,1,0
20,55.09,0,2,1,0
22,54.31,2,0,1,1
46,72.04,0,2,0,0
25,51.51,1,0,1,1
13,61.71,1,1,0,0
58,51.44,1,1,1,0
14,45.74,3,2,1,0
69,79.48,1,1,0,0
58,54.01,0,1,1,0
7,41.21,1,2,0,0
55,55.77,1,0,1,0
6,58.71,1,3,0,0
32,67.65,0,2,1,0
54,80.54,0,3,0,0
26,97.47,1,1,1,0
36,36.65,0,3,0,0
5,56.49,0,3,0,0
31,24.53,0,2,0,0
37,65.88,1,0,1,0
45,71.97,2,2,0,0
43,48.07,4,1,1,0
54,42.72,1,0,0,0
38,41.1,2,3,0,0
5,30.79,3,0,1,1
61,73.9,1,3,1,0
69,99.76,2,0,0,1
53,37.94,0,2,0,0
69,94.06,0,1,0,0
57,58.61,1,2,1,0
30,32.68,0,1,0,0
53,72.24,5,0,1,1
34,76.16,1,2,1,0
69,68.73,2,3,0,0
20,55.42,1,1,0,0
33,94.5,2,3,0,1
42,54.89,1,1,1,0
53,73.49,4,2,0,1
15,73.75,0,0,0,0
21,42.4,0,1,1,0
38,23.01,0,2,1,0
62,25.4,1,2,1,0
65,52.39,0,2,1,0
34,67.64,0,0,1,0
36,24.3,0,1,0,0
13,45.73,0,0,1,0
59,91.41,0,2,0,0
19,23.88,3,0,1,0
13,69.65,0,2,0,0
48,67.38,2,0,0,0
63,76.2,1,0,0,0
43,30.36,0,3,0,0
9,67.01,1,0,0,1
58,31.94,1,2,1,0
16,87.18,0,1,0,0
51,42.58,0,0,0,0
52,67.8,1,2,1,0
56,43.85,0,1,0,0
22,62.86,0,1,0,0
26,28.92,2,0,0,0
9,65.79,0,1,0,0
56,72.26,2,2,0,0
7,59.8,3,3,1,0
4,92.78,3,3,1,1
57,67.5,0,0,1,0
13,75.95,2,0,1,1
2,70.28,0,0,1,1
24,98.07,3,3,1,1
5,46.7,1,3,1,0
67,54.55,0,0,1,0
68,55.61,1,0,1,0
71,72.62,0,3,1,0
56,65.41,1,2,1,0
46,77.08,0,3,0,0
27,66.17,0,0,1,0
46,49.71,1,3,1,0
14,58.94,1,0,1,1
5,69.12,0,2,1,0
62,15.0,1,0,0,0
67,88.55,0,3,0,0
56,48.83,1,3,0,0
13,53.17,3,2,0,0
48,65.73,2,1,1,0
66,55.38,3,3,1,0
38,30.97,2,1,1,0
1,55.91,2,1,1,1
38,88.82,2,1,1,1
71,81.97,0,2,1,0
70,85.86,0,0,1,0
56,49.54,2,2,1,0
38,56.41,2,3,1,0
12,82.3,2,3,1,1
6,91.15,1,2,0,0
32,61.62,2,3,0,0
6,41.3,2,0,1,1
69,21.72,1,0,0,0
43,90.07,3,2,1,1
71,30.13,1,1,0,0
53,70.01,0,0,0,0
33,79.47,1,3,1,0
45,127.87,0,0,0,1
19,65.32,0,0,0,0
53,59.15,0,3,1,0
28,70.95,0,3,1,0
21,72.04,2,0,1,1
42,89.12,0,3,1,0
27,75.79,0,1,1,1
34,46.05,2,1,0,0
19,18.5,1,2,0,0
38,67.87,1,0,1,0
27,47.92,0,3,1,0
13,90.78,1,2,0,0
19,34.88,1,1,1,0
14,66.01,0,2,0,0
60,46.87,3,0,0,0
17,43.88,2,2,1,1
11,96.22,0,0,0,1
27,65.43,1,0,1,0
15,58.24,0,1,0,1
53,77.21,2,2,1,0
51,45.81,0,3,1,0
27,54.41,3,3,1,0
29,48.84,3,1,0,0
26,102.85,2,3,1,1
25,68.8,0,1,0,0
3,74.96,1,3,1,0
70,85.01,3,2,1,0
47,58.15,0,3,1,1
64,58.79,5,2,0,0
66,28.18,2,1,1,0
16,71.86,1,2,1,0
17,67.31,1,3,0,0
12,53.45,0,0,1,0
19,86.84,0,1,1,1
35,25.02,2,1,1,1
60,70.62,3,3,1,0
41,33.45,2,1,1,0
31,38.28,1,2,1,0
25,57.57,1,1,1,1
59,89.49,3,1,1,0
42,37.31,3,1,1,0
32,41.23,0,0,1,0
49,36.84,3,1,0,0
71,103.58,1,2,1,0
58,72.73,0,2,1,0
31,70.31,1,1,1,1
18,104.68,1,1,1,0
22,67.08,2,0,1,0
46,18.34,1,3,1,0
59,51.44,1,1,1,0
5,37.1,0,2,0,0
62,103.9,0,2,1,0
5,32.54,1,2,1,1
42,68.2,4,0,1,1
4,51.21,0,3,1,0
9,52.74,1,2,0,0
9,62.32,2,3,1,0
1,59.09,4,0,0,1
56,47.67,1,2,1,1
31,36.22,0,2,1,0
27,48.34,3,2,1,1
51,40.18,0,0,1,0
35,43.01,2,0,1,0
27,64.3,3,1,1,0
33,58.66,0,1,1,0
31,71.76,1,3,1,1
15,56.87,1,1,1,0
52,101.76,1,0,1,1
4,46.6,0,2,1,1
1,41.01,2,1,0,0
13,83.08,1,0,1,1
53,47.11,0,2,0,0
61,64.36,1,0,1,0
55,82.11,3,1,0,0
25,59.71,2,1,1,1
42,54.37,3,3,0,0
30,81.87,1,1,1,1
9,68.64,2,0,1,1
19,50.68,0,2,1,0
12,36.82,0,0,1,0
53,53.84,1,1,0,0
59,27.24,0,3,0,0
50,43.55,1,0,1,0
71,38.91,2,2,0,0
28,67.79,1,2,1,0
12,77.52,4,1,1,1
36,48.11,1,2,1,1
42,52.48,1,0,1,0
29,38.73,0,1,0,0
47,32.88,2,0,1,0
41,52.6,1,0,0,0
46,73.29,1,1,0,0
43,71.32,1,3,1,0
59,73.8,1,2,1,0
41,55.88,3,2,1,0
55,15.0,1,0,1,0
65,80.84,2,1,1,0
62,89.03,1,0,0,0
68,80.54,1,1,1,0
35,80.38,0,3,0,0
4,84.43,1,2,1,1
51,117.39,1,2,0,0
27,68.42,1,3,0,0
25,94.1,0,0,1,1
3,78.64,1,1,0,0
4,75.94,1,0,1,1
27,59.14,4,1,1,1
8,54.74,1,2,0,0
58,38.52,3,0,1,0
1,74.09,3,2,1,1
49,55.42,1,1,1,0
37,36.98,1,1,1,0
41,46.14,0,1,0,0
37,37.25,1,3,1,0
7,95.16,0,0,0,1
3,56.82,2,0,1,1
58,64.15,0,3,1,0
67,36.74,0,0,0,0
44,40.45,1,2,0,0
9,83.71,1,2,1,1
22,57.04,1,1,0,1
42,66.54,4,1,1,1
56,100.07,1,3,0,0
6,105.37,1,1,1,1
3,76.26,1,1,1,1
54,72.08,1,1,0,0
14,66.87,1,3,1,0
33,56.04,1,3,0,0
57,104.04,1,0,1,0
70,36.72,0,2,1,0
4,60.11,1,2,0,0
62,22.01,1,1,1,0
10,35.68,0,3,1,0
2,70.36,0,1,1,0
36,71.48,0,0,1,1
6,68.99,3,2,1,1
51,55.25,0,1,0,0
26,47.29,1,3,1,0
42,50.79,1,2,1,0
55,54.03,0,3,1,0
3,84.73,3,1,1,1
59,92.3,1,0,1,0
20,71.19,2,2,1,1
9,50.8,2,1,0,0
51,42.52,0,2,1,0
39,68.32,1,2,1,0
25,57.24,0,3,1,0
10,24.08,3,3,0,0
14,90.49,1,0,0,1
34,61.83,3,2,0,0
1,55.37,0,1,1,1
50,43.91,2,1,1,0
19,43.83,1,3,1,1
19,80.68,1,1,1,1
67,42.38,1,0,1,0
23,63.99,2,1,1,1
4,75.19,1,1,0,1
46,100.33,1,2,0,0
40,74.56,0,0,1,0
71,61.29,2,1,0,0
65,52.85,1,1,1,0
3,79.79,0,1,0,0
50,82.88,0,3,1,0
12,53.15,0,1,1,1
20,74.21,2,0,1,1
31,59.13,2,2,0,0
47,28.27,3,2,1,0
28,41.07,2,3,1,0
9,78.82,0,2,0,0
14,91.97,2,2,0,1
36,76.11,1,3,0,0
32,57.8,0,2,1,0
19,47.11,0,2,1,1
52,73.16,2,2,1,0
63,68.88,1,3,1,0
27,28.38,1,1,0,0
62,75.54,3,0,0,1
56,47.3,3,1,0,0
55,75.97,1,1,0,1
8,73.17,0,3,1,0
27,77.09,0,1,1,1
62,84.28,1,0,1,1
57,76.66,3,3,1,0
22,40.2,0,2,1,0
70,40.84,1,1,1,0
22,83.62,2,1,0,0
27,71.93,2,2,1,0
51,29.35,1,3,0,0
38,20.3,2,2,0,0
39,80.6,0,0,1,1
12,108.27,1,3,0,0
13,79.24,1,3,1,0
8,57.12,0,0,1,0
61,67.61,0,1,1,0
52,15.0,0,0,1,0
30,41.31,3,2,0,1
5,83.13,2,2,1,1
60,79.96,1,3,0,0
43,17.84,1,2,0,0
3,86.65,3,2,0,1
9,73.18,2,0,0,1
20,81.54,0,1,0,0
48,57.86,0,3,0,0
50,62.15,2,1,1,0
54,39.66,0,2,0,0
5,68.73,2,0,1,1
67,80.7,2,0,0,0
13,42.52,1,3,0,0
28,69.68,2,3,0,0
31,51.01,2,0,1,0
28,83.74,3,0,1,1
22,82.45,3,2,0,0
29,15.0,0,1,1,0
39,71.48,1,1,1,0
51,83.17,0,1,1,1
60,50.42,1,2,1,0
56,57.57,1,3,1,0
35,58.91,3,0,1,1
9,38.25,1,1,0,0
20,59.64,1,3,1,0
24,94.4,3,0,0,1
42,71.98,2,0,0,0
4,93.74,1,1,1,1
45,82.7,0,3,1,0
17,87.04,0,0,0,0
28,64.62,1,1,1,0
53,78.2,1,1,0,0
66,104.0,2,2,0,0
67,92.69,2,0,1,1
15,68.8,0,2,1,0
70,47.57,0,3,0,0
37,42.9,2,1,1,0
5,67.08,0,0,1,1
51,71.2,0,3,0,0
29,23.91,0,3,0,0
47,66.64,1,2,0,0
62,69.3,1,2,0,0
18,68.37,1,1,0,0
36,50.66,2,1,0,0
63,109.97,1,1,1,0
25,80.22,0,2,1,1
7,33.54,2,2,1,1
56,47.19,1,3,1,0
39,78.68,1,3,1,0
62,72.66,2,2,0,0
35,64.64,1,3,0,0
11,61.31,2,2,1,1
49,57.47,2,2,0,0
37,52.57,0,0,0,0
52,40.54,2,3,0,0
11,73.76,0,2,0,0
17,15.0,2,2,0,0
13,46.52,0,0,1,0
64,87.35,2,1,1,0
38,45.27,1,1,1,0
24,36.73,1,2,1,1
18,100.78,1,0,1,1
31,83.02,0,2,1,0
58,58.29,2,1,0,0
43,49.21,3,3,0,0
26,56.5,1,1,1,1
33,54.06,2,0,1,0
13,56.23,2,3,1,1
31,45.9,1,1,0,0
45,72.43,2,2,1,0
35,49.62,1,0,1,0
19,23.53,2,3,0,0
10,34.28,3,3,0,0
5,61.07,0,1,0,0
2,39.88,2,0,1,1
71,15.0,1,0,0,0
70,92.03,2,0,1,1
14,71.17,0,3,1,1
66,50.99,0,1,0,0
10,49.97,1,3,0,0
25,71.38,2,1,1,1
35,89.17,1,2,1,0
50,47.78,2,0,0,0
1,69.19,1,1,1,0
26,47.7,0,0,1,0
57,67.37,0,3,1,0
50,37.02,2,3,1,0
6,22.67,0,2,1,1
42,62.35,1,2,0,0
3,59.21,2,2,0,1
43,75.5,2,0,0,0
69,46.68,2,0,0,0
18,88.96,2,2,1,1
37,62.5,2,1,1,1
8,92.48,1,2,0,0
66,53.46,2,2,0,0
32,91.76,0,3,0,0
64,59.18,1,2,1,0
57,63.45,0,1,1,0
53,80.51,1,3,0,0
42,23.88,1,1,1,0
3,38.45,1,1,0,0
47,98.53,1,1,1,1
46,29.31,1,2,0,0
63,50.21,1,0,1,0
5,71.8,3,0,1,1
36,90.82,2,0,0,1
1,50.06,1,1,1,1
13,63.26,0,1,1,0
60,37.17,1,1,1,0
44,52.63,2,1,1,0
22,81.84,0,0,0,0
44,67.39,0,3,0,0
54,59.99,3,0,1,1
37,69.48,2,1,0,0
38,63.54,0,1,0,0
64,64.23,1,3,0,0
56,53.43,0,2,0,0
58,40.5,2,3,0,0
46,74.76,2,2,0,0
62,36.94,1,0,0,0
70,81.91,2,0,0,0
62,104.86,0,0,1,1
34,92.21,3,1,0,0
34,108.83,0,3,1,0
61,39.37,1,0,1,0
11,65.98,1,3,1,1
59,43.85,2,1,1,0
16,45.71,2,2,0,1
42,25.53,1,2,1,0
63,35.95,0,1,1,0
36,78.8,0,1,1,0
12,75.59,0,0,1,1
31,86.07,1,1,0,0
48,84.52,1,1,0,0
46,77.47,0,3,1,0
3,44.71,2,2,1,1
14,59.0,1,1,0,0
64,76.58,2,1,1,0
32,87.26,1,3,1,0
27,53.76,3,2,1,0
46,51.34,0,0,0,0
57,52.55,0,2,0,0
22,94.53,2,3,1,0
34,73.32,0,0,0,0
16,55.15,3,0,1,1
9,45.87,0,1,1,1
8,70.74,2,2,1,1
33,27.1,1,0,1,0
58,57.09,1,2,1,0
9,50.06,1,0,1,1
63,49.78,0,3,0,0
3,66.03,0,0,0,1
60,70.43,0,3,1,0
21,124.59,2,0,1,1
51,64.07,0,3,0,0
29,76.34,1,3,0,0
43,45.42,1,1,1,0
7,27.9,2,2,1,0
5,85.6,1,0,1,1
8,102.52,2,3,1,1
63,41.56,3,1,1,0
2,60.66,1,2,0,0
34,85.09,1,1,0,0
35,64.16,0,1,0,0
49,15.0,3,0,1,0
15,83.07,0,3,1,0
9,59.34,2,1,1,1
1,77.23,1,0,1,1
53,42.43,1,3,1,1
25,80.48,1,0,0,0
11,83.69,0,3,0,0
11,47.45,2,2,0,0
69,72.46,3,1,0,0
10,49.23,1,3,1,0
51,51.94,0,2,0,0
40,43.64,1,3,1,0
38,53.4,2,3,1,0
14,48.38,1,0,1,0
47,86.43,2,3,0,0
5,57.67,0,3,1,0
17,39.15,2,1,0,0
12,90.5,1,0,0,1
36,73.5,1,1,1,0
11,82.7,1,0,1,1
7,61.05,1,0,1,1
31,76.73,1,0,1,1
20,60.39,1,2,0,0
30,42.8,2,1,1,0
21,64.64,3,0,1,1
19,65.43,1,0,1,1
12,65.28,0,2,1,1
31,79.8,2,3,0,0
30,26.91,2,0,1,1
36,68.62,1,0,0,0
5,46.17,1,2,0,0
36,56.82,1,3,1,0
2,71.78,0,2,0,0
8,63.99,1,3,1,0
24,48.89,1,0,1,0
53,78.26,2,1,1,0
71,61.6,1,2,0,0
8,81.98,1,1,1,1
52,88.15,1,0,0,0
61,55.56,3,2,0,0
31,40.4,1,2,1,0
68,64.61,0,0,0,0
15,79.68,1,1,0,1
5,69.54,1,1,0,0
9,39.07,1,1,1,1
12,28.29,0,2,1,0
30,43.77,2,0,1,1
71,43.6,1,1,1,0
47,75.82,1,0,1,0
30,64.37,2,1,1,1
59,81.01,0,3,1,0
22,61.39,1,3,0,0
33,97.4,1,0,1,1
68,63.41,0,3,1,0
61,74.53,0,3,1,0
43,54.84,0,1,0,0
58,72.39,1,3,1,0
33,85.49,0,1,0,0
61,79.14,1,2,0,0
43,89.41,1,2,1,0
24,50.96,4,2,1,1
4,72.67,1,2,0,1
34,98.26,0,0,1,0
58,68.55,2,0,0,0
12,60.06,1,1,1,1
29,58.72,0,2,1,0
42,52.7,1,3,0,0
51,66.39,1,2,1,0
4,91.81,2,3,0,1
21,72.67,0,3,1,0
34,62.92,1,3,0,0
41,47.24,1,3,1,0
12,40.24,3,3,0,0
35,112.02,3,1,1,1
34,53.83,2,1,1,0
43,65.4,1,1,1,0
13,53.48,0,0,1,0
46,66.76,1,0,0,0
1,54.6,1,2,1,1
57,65.44,0,0,1,0
30,92.76,4,1,0,1
2,48.18,0,1,1,0
31,73.93,0,1,1,0
12,61.76,1,3,1,0
39,77.74,2,1,1,0
34,49.24,3,0,0,0
9,71.28,1,0,1,1
25,43.04,4,0,0,1
36,25.87,1,3,0,0
29,36.11,0,0,0,0
22,43.41,1,3,0,0
38,39.83,2,0,0,1
6,55.95,3,3,0,0
6,84.85,1,1,0,0
30,39.31,1,1,1,0
20,71.42,0,2,1,0
48,65.35,0,0,0,0
12,47.92,0,3,0,0
22,43.28,3,0,0,0
3,70.84,0,1,0,1
51,71.87,3,2,0,1
69,55.08,3,2,0,0
57,59.06,3,2,0,0
13,61.89,4,2,0,0
1,35.5,0,3,0,0
51,64.24,2,3,0,0
16,68.23,1,1,0,0
39,97.55,2,0,1,1
21,36.27,1,3,1,0
48,44.45,2,0,1,0
43,63.72,0,0,0,1
25,50.17,2,1,1,0
35,53.82,1,0,1,0
3,62.16,1,3,0,0
41,56.07,2,0,1,1
22,61.32,2,2,1,1
6,70.88,1,1,0,0
31,29.33,1,0,1,0
21,73.33,3,1,0,1
67,16.69,1,3,0,0
12,96.35,0,0,1,0
31,80.71,2,2,0,0
53,49.8,2,2,0,0
21,82.59,3,3,1,1
49,59.13,1,2,0,0
23,70.84,0,0,1,0
22,77.35,1,2,0,0
28,69.15,3,2,1,1
63,62.21,1,2,1,0
26,74.69,2,2,1,0
10,58.38,0,3,0,0
6,54.65,0,0,1,0
2,43.18,1,0,0,0
35,25.91,1,0,0,0
27,94.12,2,2,0,1
31,77.97,0,1,0,0
48,34.14,4,0,0,0
34,70.26,2,3,0,0
68,66.49,0,0,1,0
49,18.11,0,0,1,0
37,45.6,0,1,0,0
22,60.24,0,1,1,0
10,96.86,4,0,0,1
35,84.37,0,1,1,0
43,87.66,0,0,1,0
9,68.77,2,2,1,1
2,82.47,0,3,1,0
3,38.87,2,2,0,0
59,74.83,1,2,1,1
15,77.11,2,3,1,0
23,37.11,0,3,1,0
42,67.56,2,1,0,0
8,93.09,1,1,0,1
56,101.22,1,1,1,1
11,91.01,1,0,0,0
11,48.47,1,1,1,1
59,60.84,0,1,1,0
16,52.31,2,3,0,0
65,87.39,0,2,1,0
61,45.79,0,3,1,0
14,41.73,1,0,0,0
13,30.26,1,0,0,0
71,66.72,0,2,1,0
15,71.51,1,2,0,1
62,50.78,4,1,0,0
68,47.63,0,0,1,0
24,59.08,2,1,1,0
18,89.78,0,0,1,1
4,35.89,1,2,0,0
37,62.03,2,1,1,0
11,67.08,1,3,1,1
36,70.4,0,1,1,0
31,88.11,2,1,1,1
68,79.56,2,3,0,0
15,68.44,0,1,0,1
54,92.28,2,2,0,0
13,85.88,1,2,1,1
40,68.8,2,0,1,1
20,67.74,3,2,1,1
38,39.28,0,2,0,0
63,65.61,1,0,0,0
30,47.3,0,1,1,0
3,40.16,0,2,1,1
10,57.47,0,2,1,0
66,28.39,2,2,0,0
43,45.1,1,1,1,0
32,52.58,0,2,0,0
8,69.56,0,0,0,0
53,56.38,3,1,0,0
71,70.66,1,0,1,1
37,94.43,1,0,0,1
68,79.09,0,1,1,0
68,39.5,1,2,0,0
45,26.96,2,3,1,0
13,44.13,3,1,1,1
32,44.61,2,3,1,1
19,22.64,3,3,1,0
63,27.8,0,1,1,0
37,27.77,2,3,1,0
10,49.95,0,0,0,0
37,90.48,2,0,0,0
60,96.0,0,3,0,0
24,41.21,1,3,1,0
62,52.36,2,0,0,0
22,33.94,2,2,1,0
49,28.64,1,1,0,0
7,59.66,3,1,1,1
8,61.91,0,0,0,0
36,48.17,0,1,1,0
51,73.35,1,1,1,1
59,53.94,1,1,1,0
65,82.34,0,1,0,0
62,50.43,0,2,1,0
22,77.52,1,2,1,0
30,56.32,0,0,1,1
4,62.82,0,1,0,0
70,72.77,4,0,0,0
10,33.52,1,1,1,0
69,45.4,1,2,1,0
48,58.81,3,0,1,0
23,54.62,4,0,0,1
23,65.36,1,0,1,1
9,43.97,1,2,0,1
21,33.56,0,3,1,0
60,58.01,3,3,0,0
40,65.89,2,2,0,0
67,44.0,1,0,1,0
58,84.46,1,1,1,0
47,74.06,0,2,0,0
49,77.22,3,3,1,0
69,75.97,1,1,1,0
7,43.21,0,0,0,0
34,102.99,0,3,1,0
52,46.41,0,3,0,0
38,68.37,2,1,0,0
16,75.52,1,0,0,0
6,67.85,1,2,1,1
21,65.1,0,2,0,0
27,45.27,1,2,0,0
68,53.7,1,1,0,0
66,62.44,2,3,0,0
11,87.95,1,3,0,0
8,48.84,0,2,1,0
32,75.92,2,1,1,1
10,71.04,1,1,0,0
50,64.15,3,3,1,0
3,51.56,1,2,1,0
48,59.9,0,2,1,0
36,28.26,2,0,1,0
56,65.1,3,0,0,0
43,69.6,1,2,0,0
59,52.88,3,0,1,0
38,73.85,1,3,0,0
58,69.75,1,2,1,0
63,48.99,1,0,1,0
69,80.36,1,2,1,0
49,53.02,1,0,0,0
47,111.9,0,3,0,0
46,43.21,1,2,0,0
60,47.61,1,0,0,0
43,51.07,1,3,0,0
46,68.54,1,0,1,0
36,86.99,2,0,0,0
15,65.62,1,1,1,0
6,55.78,0,1,1,0
44,101.78,0,0,1,0
7,84.16,0,2,1,0
44,58.13,1,0,0,0
46,61.44,0,3,1,0
23,33.04,2,2,0,0
16,64.38,0,0,0,1
34,97.97,0,3,0,0
30,40.27,1,0,0,0
49,35.19,2,0,1,0
46,66.12,0,3,1,0
9,15.58,1,0,1,1
43,91.17,2,1,1,1
7,33.06,2,3,0,0
18,48.76,0,0,0,0
50,59.94,1,1,0,0
19,87.03,1,2,1,1
52,70.83,2,0,1,0
10,24.92,6,1,0,1
43,28.99,1,0,1,0
48,66.69,3,2,1,1
32,20.64,2,0,1,0
52,56.49,1,1,1,1
9,45.76,2,0,0,0
10,78.15,1,2,1,1
47,86.16,0,0,0,0
20,15.0,2,1,1,1
65,70.5,3,1,1,0
11,74.65,1,2,0,0
44,46.46,1,3,1,0
44,49.73,2,3,0,0
8,37.66,1,1,1,0
22,54.69,0,2,1,1
30,69.65,1,0,1,1
62,88.27,2,2,0,0
56,90.23,2,3,1,0
19,55.71,0,0,1,0
51,44.75,4,0,1,1
46,81.32,1,3,1,0
15,15.0,0,3,1,0
46,33.25,3,1,0,0
27,74.08,2,2,1,0
67,105.8,1,2,1,0
10,45.56,0,1,1,1
52,63.26,1,2,1,0
23,38.9,1,2,1,0
67,59.75,1,1,0,0
71,59.7,1,0,1,1
42,46.14,1,0,1,0
46,69.13,5,3,1,1
1,57.92,2,2,0,0
49,71.48,2,0,1,0
24,57.35,0,1,0,0
54,37.31,0,2,1,0
53,64.27,0,3,0,0
53,78.64,2,0,1,1
25,45.78,0,0,0,0
14,88.38,1,0,0,1
47,70.61,1,0,0,0
43,54.42,2,2,0,0
9,62.35,0,0,0,0
64,53.27,2,0,1,0
46,43.66,2,0,1,0
57,80.09,2,0,0,0
28,79.81,2,2,1,1
14,52.71,2,3,1,0
68,58.1,2,3,1,0
50,57.59,1,3,0,0
6,75.73,0,3,1,1
28,91.14,0,3,0,0
26,48.64,1,1,0,0
14,68.03,1,2,1,0
55,61.48,1,0,0,0
70,73.11,1,2,0,0
28,90.82,2,2,1,1
38,44.47,3,2,1,0
33,20.77,2,1,1,1
19,58.63,2,0,1,1
24,29.97,3,2,1,1
40,95.53,0,1,1,0
7,48.13,1,2,1,0
47,56.46,1,2,0,0
23,67.0,0,3,0,0
68,66.31,1,1,1,0
63,53.73,0,2,0,0
38,62.18,0,0,1,0
55,81.17,2,2,0,0
11,56.05,2,0,1,1
22,99.33,1,0,0,0
13,69.4,3,1,1,1
48,15.19,3,2,1,0
66,80.17,0,3,1,0
57,27.17,1,0,1,0
30,69.11,1,1,1,1
57,107.6,0,1,1,0
68,84.0,1,3,0,0
4,39.75,0,3,1,0
24,46.15,2,1,1,1
12,62.86,0,1,1,1
21,91.56,1,3,1,1
68,47.82,3,3,0,0
11,84.67,1,3,0,0
20,68.68,4,3,0,0
58,60.5,2,1,0,0
56,59.22,0,3,0,0
66,96.2,0,1,0,0
45,32.38,2,2,1,0
5,39.81,2,0,1,1
62,80.53,2,3,0,0
15,82.41,1,0,0,1
6,36.49,1,0,1,0
68,44.11,1,1,0,0
67,39.43,1,1,1,0
70,73.54,2,0,1,0
63,49.35,0,3,0,0
46,91.03,2,2,1,1
17,77.93,3,0,1,1
24,67.84,1,0,1,1
51,66.53,1,3,1,0
37,73.36,2,3,1,0
1,79.41,0,0,1,1
57,62.73,0,0,1,0
62,67.62,1,3,1,0
63,78.24,1,3,0,0
30,61.07,2,3,0,0
27,82.47,2,0,0,0
53,59.69,0,0,0,0
49,47.04,2,2,1,0
57,66.19,0,0,1,0
55,95.56,4,0,0,0
2,92.4,0,2,0,1
62,30.36,2,3,1,0
63,68.5,3,1,1,0
18,52.4,0,1,0,0
8,55.77,2,3,0,0
55,55.35,1,2,1,0
11,57.61,2,1,1,1
64,51.69,0,3,0,0
33,56.6,0,1,0,0
7,66.58,0,0,1,1
18,37.99,1,0,1,0
71,37.37,1,0,1,0
47,39.64,2,0,1,1
64,39.34,1,0,1,0
14,73.93,2,3,1,0
20,39.87,1,3,1,0
45,60.4,0,0,1,0
26,63.27,1,0,0,0
55,76.31,1,2,1,0
8,62.54,1,1,0,0
69,83.11,1,0,1,0
24,60.82,0,0,1,0
29,66.98,1,1,1,1
51,77.19,0,2,1,0
21,32.8,1,2,1,0
2,69.78,2,3,1,1
42,92.23,2,0,0,0
28,64.23,2,1,0,1
47,57.13,1,2,0,0
63,100.06,0,2,0,0
66,64.11,1,1,1,0
49,86.68,0,3,0,0
42,15.0,0,3,0,0
48,64.1,3,1,0,0
32,51.95,2,0,1,1
25,69.69,3,1,0,0
22,85.68,3,2,0,1
35,59.03,4,2,0,1
52,57.53,1,0,0,0
13,15.0,0,2,1,0
46,77.77,2,1,1,1
25,88.62,4,2,0,0
6,65.03,0,2,1,1
42,52.5,3,1,1,1
22,69.34,0,1,0,0
3,82.73,3,2,0,0
12,74.97,0,2,1,0
48,103.66,1,2,1,0
36,50.86,1,3,1,0
20,34.86,0,1,0,0
28,71.86,1,2,1,0
30,87.45,1,3,1,1
12,52.91,1,2,0,0
41,62.16,0,0,0,0
38,49.19,0,3,1,0
35,36.9,1,3,1,0
47,47.33,3,1,0,0
17,20.66,1,3,0,0
25,67.45,1,1,1,0
35,71.24,3,3,1,0
60,79.72,1,1,1,0
16,45.41,1,3,1,0
8,49.18,3,0,0,1
68,28.33,2,1,1,0
5,32.76,1,3,1,0
24,79.7,0,1,1,0
51,118.36,0,0,0,0
19,40.74,0,2,1,0
40,53.96,0,2,1,0
51,80.5,1,0,0,1
54,47.93,1,0,1,0
31,73.53,1,2,0,0
67,55.81,0,2,1,0
25,55.86,3,0,0,1
37,79.98,2,0,1,1
70,56.78,0,1,1,0
59,36.5,1,3,1,0
41,78.34,4,0,0,1
47,62.38,1,3,1,0
7,50.79,2,0,1,1
37,45.78,0,3,1,1
16,73.48,0,0,0,0
36,47.48,2,1,0,0
66,64.3,1,0,1,0
71,81.94,0,3,1,0
41,59.72,1,1,1,0
25,83.7,1,1,1,1
61,34.3,0,1,1,0
31,74.07,0,3,0,0
25,72.55,1,0,1,0
34,99.4,0,0,1,0
44,62.34,0,2,1,0
46,79.84,2,1,1,1
20,58.75,2,3,0,0
5,40.7,2,1,0,0
44,44.35,0,1,0,0
47,47.8,2,3,0,0
28,77.5,0,2,0,0
3,46.36,2,2,1,0
1,62.78,1,1,0,0
27,79.96,2,1,0,0
52,86.81,0,2,1,0
32,80.73,1,3,1,0
69,91.83,1,1,1,0
41,39.3,1,3,1,0
55,52.21,1,1,0,0
41,68.34,0,2,1,0
15,84.29,2,1,1,1
43,72.06,1,1,1,1
12,46.65,1,1,0,0
2,58.2,0,3,1,0
65,28.97,1,2,1,0
24,78.15,5,1,0,1
67,26.26,2,1,1,1
53,66.32,1,2,0,0
13,83.54,1,0,1,1
30,80.08,1,1,1,1
10,29.76,1,2,1,1
59,66.28,0,3,0,0
67,55.05,3,3,1,0
39,56.06,1,2,1,0
19,94.85,0,1,1,0
41,67.75,2,3,0,0
55,33.35,0,2,1,0
49,40.41,0,3,1,0
18,76.2,1,1,1,0
70,66.49,2,0,1,0
69,39.29,2,0,1,0
1,28.42,0,0,0,0
2,50.85,1,2,0,0
9,53.12,3,0,1,0
10,78.24,1,0,1,0
7,49.65,3,2,1,1
31,75.22,0,1,1,0
15,86.05,0,2,0,0
29,29.73,1,0,1,0
2,50.04,1,2,0,0
64,92.78,4,3,0,0
71,52.78,3,0,0,0
37,61.37,1,0,1,0
11,80.96,2,0,0,1
50,46.41,1,0,1,0
34,53.28,0,3,0,0
47,28.45,0,2,0,0
63,72.59,1,3,0,0
17,51.68,1,3,0,0
34,54.0,1,0,0,0
45,15.0,0,3,0,0
18,80.7,1,3,1,1
17,75.16,1,1,1,1
21,45.33,1,1,0,0
51,85.75,2,2,1,0
30,15.0,1,0,1,0
65,59.74,2,2,1,0
22,27.33,2,0,1,0
45,115.59,4,2,1,1
34,15.0,2,2,1,0
24,36.51,0,0,0,0
30,45.7,2,1,1,1
68,76.96,0,0,1,0
6,77.45,2,0,1,1
14,68.54,0,1,1,0
63,55.75,4,0,0,1
27,103.59,1,1,0,0
69,46.25,0,3,0,0
40,66.94,3,2,0,1
40,95.72,1,2,1,1
23,35.89,4,0,1,1
7,44.38,0,3,1,0
27,82.71,2,3,1,0
65,69.72,3,0,1,0
36,34.25,0,2,0,0
26,61.22,2,1,0,1
7,99.14,2,2,0,1
28,55.39,1,1,1,0
44,76.7,0,3,1,0
19,63.07,0,3,1,0
32,46.68,3,1,0,0
66,92.86,1,2,1,0
40,79.95,2,0,1,1
50,84.5,2,3,1,0
22,57.43,0,2,1,0
22,62.5,5,1,1,1
20,64.95,0,1,0,0
27,69.4,2,3,0,0
68,53.46,1,3,1,0
31,50.28,0,0,1,0
45,86.7,2,1,1,1
28,38.25,1,1,1,0
15,51.44,2,3,1,0
48,52.73,0,2,0,0
16,49.99,1,2,1,0
68,36.03,0,0,1,0
53,44.85,0,3,0,0
4,76.37,1,2,0,0
70,53.01,0,2,1,0
61,45.4,0,1,1,0
2,93.75,0,0,1,1
61,33.44,0,1,1,0
49,81.05,2,0,0,1
16,67.32,2,0,0,0
63,33.05,2,3,1,0
70,52.14,0,1,0,0
46,52.41,0,1,0,0
63,86.19,0,1,1,1
30,78.63,2,1,0,0
52,54.6,0,2,1,0
48,36.57,0,2,1,0
8,26.19,2,2,1,0
15,56.77,1,1,1,0
32,32.02,1,3,0,0
23,56.61,1,3,0,0
54,56.04,0,0,0,0
59,67.73,2,3,1,1
40,80.26,0,1,1,0
21,62.35,1,3,1,0
5,69.63,1,3,1,0
67,56.71,1,0,1,0
55,81.06,2,3,0,0
35,76.55,3,0,0,0
30,92.19,2,2,1,1
65,87.85,2,0,1,1
16,45.53,2,3,0,0
24,30.84,3,1,0,0
25,73.08,0,1,1,0
40,83.18,1,1,0,0
8,46.69,3,1,1,1
18,90.31,2,3,1,1
26,62.13,1,3,0,0
58,58.39,2,3,1,0
2,67.31,1,3,1,1
34,31.9,1,2,1,0
71,27.04,0,2,1,0
19,53.08,1,0,0,0
10,36.39,0,2,1,0
70,59.56,1,3,1,0
25,59.77,1,1,0,0
40,15.0,2,2,0,0
22,43.61,1,2,1,0
45,70.25,1,3,1,0
33,15.0,1,0,1,1
60,52.82,2,2,1,0
25,32.41,0,3,1,0
34,20.12,0,3,1,0
64,81.87,1,0,1,0
49,81.09,1,1,1,0
14,50.96,0,2,1,0
45,49.37,1,2,1,0
71,87.24,1,3,0,1
18,83.44,0,1,1,0
28,59.14,1,2,1,0
50,76.75,1,0,1,0
70,61.41,1,1,1,0
51,53.03,0,1,1,0
24,71.69,2,0,1,0
56,50.7,2,2,1,1
6,71.1,2,1,1,0
48,54.31,2,3,0,0
60,50.07,1,3,0,0
59,47.81,0,1,1,0
12,68.34,1,3,0,0
37,78.0,1,0,1,1
53,67.79,0,2,1,0
28,41.8,1,2,1,0
63,71.58,1,0,1,1
71,41.23,5,2,0,0
16,36.68,2,3,1,0
10,55.23,1,3,1,1
23,75.46,2,2,1,1
28,73.07,1,3,0,0
41,70.55,0,2,1,0
25,86.93,1,3,1,0
62,76.69,0,2,1,0
5,52.29,2,3,1,1
61,75.18,2,2,1,0
12,54.16,2,3,1,0
35,67.51,0,3,0,0
67,71.46,0,0,0,0
41,58.3,0,3,1,0
63,30.08,3,3,1,0
58,56.96,2,1,1,1
15,53.76,0,1,1,0
12,57.81,1,0,1,0
8,51.64,1,2,1,0
67,37.64,2,2,0,0
49,28.11,1,1,0,0
62,73.43,0,3,1,0
5,75.95,0,0,1,1
17,67.77,3,3,1,1
7,59.43,2,0,1,1
45,99.38,2,1,0,0
38,73.67,1,0,1,0
52,60.83,1,0,0,0
43,77.0,1,2,1,1
46,59.12,3,2,0,0
46,74.54,2,2,1,0
6,66.18,2,1,0,0
36,71.35,0,3,0,0
5,61.94,0,0,1,1
49,51.73,3,0,0,0
16,70.88,0,3,1,0
14,83.12,0,1,0,0
8,42.66,1,0,0,0
28,50.34,2,3,1,0
35,39.23,1,2,0,0
33,78.33,2,0,1,1
53,56.58,0,1,0,0
8,78.63,2,3,0,0
41,45.26,3,0,1,1
48,77.4,2,2,1,0
65,49.64,2,0,0,0
56,51.87,4,3,1,0
35,71.75,1,0,1,0
30,53.35,1,3,1,0
32,49.26,3,3,1,0
50,78.84,0,1,0,0
10,59.83,2,0,0,0
7,85.75,3,0,0,1
68,111.36,1,2,0,0
37,50.02,2,2,0,0
48,54.45,0,0,0,0
38,31.02,2,3,1,0
70,37.76,0,3,0,0
27,73.1,0,1,0,0
67,67.15,0,2,0,0
11,66.72,2,3,0,1
7,70.35,2,3,0,0
70,44.52,2,3,0,0
43,27.84,2,0,1,0
65,82.7,0,3,1,0
35,66.16,1,3,0,0
26,83.74,0,3,1,0
54,60.67,1,1,0,0
31,76.3,1,2,1,0
4,50.87,1,2,0,0
16,61.21,1,1,0,0
47,58.08,1,2,1,0
43,68.7,0,3,1,0
44,89.01,1,0,1,1
5,74.13,2,2,0,0
27,15.0,1,1,1,0
54,59.29,1,2,0,0
9,61.52,0,1,1,1
56,77.29,0,3,0,0
49,64.16,1,1,0,0
61,47.5,0,3,1,0
4,45.84,2,0,1,1
20,54.73,1,1,1,1
24,47.38,1,1,0,1
30,89.56,0,0,1,1
2,73.34,2,1,0,1
65,62.52,0,2,1,0
22,80.62,1,2,1,0
30,104.07,0,3,1,0
18,57.34,1,3,1,0
14,60.89,1,0,1,1
44,55.56,0,3,1,0
52,37.19,0,2,0,0
49,49.03,3,3,1,0
18,43.03,1,1,1,1
51,71.01,1,0,1,0
13,70.45,1,3,1,0
30,78.81,1,3,1,0
65,46.24,1,1,1,0
54,81.17,2,3,1,0
13,42.27,2,1,1,1
47,57.96,2,3,0,0
24,87.08,1,1,0,1
38,86.01,0,0,0,0
6,83.15,3,0,0,1
56,103.34,1,1,1,0
70,82.36,2,0,1,1
69,56.81,0,3,0,0
53,57.43,0,3,1,0
35,46.48,2,0,0,0
31,66.45,1,3,0,0
69,46.93,0,0,1,0
17,49.57,4,0,1,1
45,42.43,2,2,0,0
50,28.43,0,0,1,0
28,110.99,1,3,1,1
30,79.48,1,3,0,0
34,20.85,2,3,1,0
8,70.69,2,2,1,1
47,50.83,1,0,0,0
65,19.57,1,2,0,0
23,57.69,2,3,1,0
46,66.11,0,3,0,0
66,73.36,3,0,1,1
35,83.78,1,2,1,1
28,45.14,0,1,0,0
42,60.94,0,1,1,0
45,75.13,0,2,1,0
46,72.7,1,0,1,0
62,69.66,1,2,1,0
23,63.94,0,3,0,0
59,86.43,4,3,0,0
5,37.09,0,0,1,0
48,32.46,1,1,1,0
33,96.45,1,0,1,1
51,70.42,1,1,1,0
1,84.12,0,2,0,0
54,66.64,0,1,0,0
13,54.96,3,3,0,0
42,53.15,1,1,1,0
37,65.03,2,3,0,0
31,52.98,2,1,0,0
54,60.95,0,1,0,0
64,60.75,1,0,1,0
68,78.64,0,2,0,0
12,78.16,5,1,0,1
20,94.11,2,1,1,1
10,48.53,1,3,0,0
40,61.82,2,0,1,1
23,81.67,3,2,1,1
1,69.67,0,3,1,1
17,15.0,1,2,1,0
71,70.02,0,2,1,0
70,62.73,1,2,1,0
37,53.55,3,3,1,0
38,54.77,3,2,0,0
24,48.82,2,3,0,0
63,86.09,0,1,0,0
67,76.71,0,0,1,0
40,67.41,2,1,1,0
9,85.34,1,2,1,1
16,81.78,0,3,0,0
56,47.13,2,3,0,0
63,42.67,3,3,1,0
63,43.55,2,1,1,0
63,78.35,2,2,1,1
60,63.25,0,1,0,0
9,87.57,0,3,1,1
30,74.04,0,1,0,0
55,59.82,1,3,1,0
17,39.05,1,2,1,0
41,58.7,1,3,0,0
12,107.88,3,0,1,1
13,50.39,0,2,0,0
42,47.78,0,3,1,0
24,59.68,0,2,0,0
34,90.75,1,3,0,0
53,63.23,2,3,1,0
8,42.29,2,1,0,0
14,52.03,0,3,0,0
8,61.36,3,0,0,1
44,65.61,1,1,1,1
5,84.05,1,2,0,1
38,113.1,0,2,1,1
19,90.87,0,3,1,0
38,76.6,2,1,0,0
51,63.63,1,2,0,0
13,48.27,1,3,0,0
58,75.44,0,0,0,0
59,89.24,1,0,0,0
42,80.28,3,1,0,0
39,61.54,2,3,1,1
43,77.2,0,0,1,1
49,59.69,1,1,0,0
62,60.9,0,0,0,1
45,59.49,0,1,0,0
60,65.46,1,2,1,0
23,62.38,1,1,0,1
14,83.82,1,0,1,1
53,63.94,3,3,1,0
40,61.96,1,2,1,0
29,84.29,3,3,1,1
9,77.32,3,2,1,1
66,85.92,0,3,1,0
49,48.78,3,1,1,1
33,89.44,0,0,1,1
35,63.52,1,0,0,0
14,43.04,1,0,0,1
6,60.48,1,2,0,1
33,39.36,1,2,1,0
40,43.94,0,3,1,0
28,55.3,0,2,1,0
54,81.99,2,0,0,0
68,37.08,1,3,0,0
45,68.82,2,0,1,1
22,58.05,2,0,0,0
5,93.57,2,3,1,1
64,66.93,0,1,1,0
50,74.86,2,0,0,0
2,90.54,1,1,0,1
58,41.69,2,2,1,0
10,56.36,1,2,1,1
39,33.91,0,2,0,0
21,46.55,3,2,1,0
57,69.17,0,3,0,0
53,59.56,0,1,1,0
69,70.66,1,2,1,0
43,54.91,3,2,1,0
66,49.21,1,1,0,0
30,59.9,2,0,0,0
13,45.41,1,2,0,0
30,40.77,1,0,1,0
66,31.42,0,2,0,0
60,59.74,1,3,1,0
32,70.6,0,1,1,0
16,38.14,1,0,1,1
68,52.74,1,3,1,0
56,17.01,1,3,0,0
17,38.33,2,0,1,1
27,62.64,0,1,1,0
10,35.98,2,0,1,0
50,69.63,1,0,0,0
30,53.27,0,2,1,0
58,68.15,1,0,1,0
13,50.25,0,2,1,0
31,33.32,3,1,1,0
2,60.52,1,2,0,0
14,74.84,1,1,0,0
1,50.7,2,1,0,1
18,68.28,2,1,1,1
36,47.06,1,0,1,0
18,54.08,2,1,0,0
43,84.93,0,3,1,0
7,60.34,2,0,0,1
13,42.6,2,0,0,0
31,71.43,0,2,1,0
17,61.74,4,1,1,1
46,50.5,2,2,0,0
37,74.18,0,2,1,0
28,15.0,3,2,1,1
39,71.92,3,2,0,0
68,97.64,1,3,1,1
38,66.6,2,1,1,0
67,24.25,3,0,0,0
61,87.17,0,3,1,0
56,109.62,1,1,0,0
67,72.08,0,2,0,0
57,40.38,1,1,0,0
61,47.97,0,0,1,0
23,58.54,2,0,1,0
15,64.77,0,2,0,0
54,83.87,0,2,1,0
8,72.06,1,2,0,0
4,17.55,1,2,0,0
23,55.31,1,2,1,0
2,58.39,2,2,1,1
17,97.23,1,3,0,0
5,50.02,0,1,1,0
15,34.31,3,1,0,0
23,55.33,2,2,1,0
18,66.46,0,0,0,0
52,25.65,3,3,1,0
46,82.3,1,2,0,0
3,58.64,3,3,1,1
21,77.22,1,3,0,0
28,74.57,0,2,0,0
6,71.63,2,1,0,0
43,88.41,1,1,1,0
16,93.57,0,1,1,1
61,53.45,1,0,1,0
32,59.97,1,1,1,0
40,81.53,0,1,0,0
20,64.46,2,1,1,1
18,49.85,0,2,0,0
2,63.33,1,2,0,0
7,44.86,0,0,1,0
35,51.69,1,3,1,0
36,15.0,2,2,1,0
63,64.1,0,2,1,0
58,97.24,0,1,0,0
1,75.68,1,2,1,0
60,75.01,1,3,1,1
36,65.15,0,2,1,0
44,46.9,1,3,0,0
3,71.29,1,3,0,0
13,62.8,1,0,0,1
1,59.14,1,3,1,1
6,66.48,4,1,1,1
43,50.73,2,1,0,0
4,64.34,1,2,1,1
58,74.44,1,2,0,0
20,81.18,2,1,1,1
29,64.58,1,3,1,0
38,77.67,0,2,0,0
34,65.34,2,0,0,0
11,17.76,2,3,1,0
13,24.18,1,1,0,0
45,57.87,0,0,1,0
51,40.1,1,3,0,0
23,72.89,0,2,1,0
56,36.21,1,1,0,0
57,53.8,1,2,1,0
47,51.14,1,3,0,0
38,47.39,0,2,0,0
69,50.46,1,0,0,0
55,61.34,2,1,1,0
36,63.63,1,3,1,0
19,51.55,2,2,1,0
49,65.18,2,3,0,0
41,72.29,3,0,0,0
20,58.06,0,3,0,0
63,48.48,2,2,0,0
27,48.71,2,3,1,0
2,52.56,2,0,1,1
35,51.51,1,0,1,0
67,63.48,2,2,1,0
9,114.33,1,3,0,1
42,83.86,2,3,1,0
3,62.7,0,2,1,1
71,73.64,1,1,0,0
47,73.56,1,3,0,0
21,86.78,1,0,1,1
43,89.94,1,0,1,0
35,43.45,1,3,0,0
2,105.77,1,1,1,1
49,45.65,2,2,1,0
60,64.18,0,2,0,0
43,46.22,1,1,1,0
20,29.27,4,2,0,0
45,27.63,0,0,1,0
21,101.02,2,2,1,1
62,91.52,1,0,1,0
45,43.36,1,3,1,0
12,40.85,2,2,1,1
30,91.67,0,2,1,0
51,43.87,3,1,0,0
23,71.64,1,2,1,0
32,102.46,1,1,1,1
34,77.61,1,3,1,0
65,91.82,2,2,1,0
44,67.06,1,3,0,0
68,29.53,0,1,0,0
60,46.78,1,3,0,0
32,27.78,0,1,1,0
59,68.95,1,3,1,0
26,36.94,1,0,1,1
9,65.01,1,0,0,0
64,52.74,2,0,1,0
22,48.86,2,2,1,1
67,72.48,1,3,1,1
71,53.17,2,1,1,0
55,46.11,2,1,0,0
23,81.87,0,2,1,0
65,61.56,2,3,0,0
47,33.36,1,3,1,0
68,85.53,0,3,0,0
34,34.54,0,1,1,0
35,66.74,1,0,0,0
41,72.51,0,3,1,0
26,56.99,3,1,1,1
24,45.89,1,1,1,1
5,55.72,0,3,0,0
3,55.24,1,3,1,0
32,40.41,2,3,0,0
39,78.83,3,1,1,1
16,50.21,0,0,1,0
65,47.79,0,1,1,0
52,89.0,3,3,1,0
14,47.52,1,2,0,0
44,31.89,1,1,1,0
49,60.63,1,1,1,0
67,62.15,1,1,0,0
43,62.57,0,1,0,0
49,102.95,1,0,0,0
27,50.97,1,3,1,0
18,88.45,0,3,0,0
58,79.39,2,0,1,0
27,90.67,0,1,1,1
63,60.21,1,1,1,0
36,55.9,0,2,0,0
17,58.24,1,0,0,0
39,68.41,0,3,0,0
21,81.26,1,0,0,1
67,94.87,2,3,1,0
70,27.57,1,1,1,0
45,83.49,1,2,1,1
40,69.84,0,3,1,0
24,63.46,1,0,0,1
71,42.12,0,0,1,0
20,69.32,3,3,0,1
27,26.77,4,1,1,1
41,87.13,0,3,1,0
17,44.22,1,3,1,0
7,60.24,1,1,0,0
18,59.31,1,2,1,1
33,73.96,1,2,0,0
70,36.36,0,2,1,0
64,79.01,2,0,1,0
58,70.75,3,2,1,0
66,93.2,3,0,0,1
57,68.56,4,3,0,0
40,60.07,0,1,0,0
18,25.28,2,2,1,1
39,55.33,1,2,1,0
7,95.13,1,2,1,1
24,53.6,2,1,0,0
54,52.82,0,0,1,0
42,59.78,2,1,1,0
4,79.41,0,1,1,1
33,27.78,0,1,1,0
19,98.26,0,3,1,1
47,74.24,3,3,0,1
21,76.8,1,3,0,1
68,62.4,2,0,1,0
35,101.46,2,2,1,1
54,53.98,1,0,1,0
49,78.7,0,1,1,0
10,64.67,0,1,1,0
52,37.72,1,1,1,0
13,59.93,0,1,0,1
15,76.75,2,3,0,0
50,57.12,0,2,1,0
50,54.6,2,0,1,0
70,62.26,0,0,0,0
14,45.48,3,0,1,1
43,40.74,1,0,1,1
62,64.03,2,0,0,0
60,44.1,1,2,0,0
8,73.87,4,3,1,1
20,76.7,0,2,1,0
71,88.08,2,0,1,0
18,81.88,3,0,0,1
52,57.2,3,0,1,1
70,70.87,3,0,1,0
61,40.01,2,1,1,0
63,71.11,2,0,1,0
45,52.84,1,2,1,0
32,89.38,2,2,1,1
68,48.88,1,0,1,0
58,66.03,1,2,1,0
45,47.53,1,2,0,0
46,74.93,1,1,0,0
11,75.17,1,1,0,1
56,42.87,2,1,0,0
55,101.28,1,2,0,0
42,72.4,1,1,1,0
54,34.56,0,1,1,0
49,44.77,0,1,1,0
4,26.57,1,0,1,0
67,23.02,1,2,1,0
59,59.73,1,3,0,0
31,21.4,2,0,0,0
59,70.03,0,1,0,0
53,30.26,0,1,1,0
12,54.94,2,0,0,1
69,96.27,2,2,1,0
16,55.4,4,0,1,1
3,61.76,3,2,1,1
27,86.91,0,1,1,1
18,56.19,1,1,1,1
1,72.99,2,3,0,1
26,46.39,0,3,0,0
63,54.93,2,1,1,0
41,64.95,1,0,0,0
30,62.58,2,3,1,0
33,47.23,0,1,1,0
22,66.77,0,2,1,0
67,74.23,3,2,1,0
49,74.93,2,3,1,0
14,63.07,2,2,0,0
12,43.63,1,0,0,1
22,75.8,1,1,1,0
10,79.11,2,3,1,1
6,42.78,3,2,1,0
2,16.76,3,2,1,1
13,58.43,2,2,1,0
25,82.25,0,1,0,0
43,79.3,0,2,0,0
15,38.8,0,3,1,0
4,88.25,1,3,1,1
6,44.36,1,3,1,1
67,80.25,2,2,1,0
9,53.58,1,3,1,0
54,81.09,2,0,0,0
68,71.86,2,1,1,0
7,57.34,2,1,0,0
64,75.88,2,2,0,0
57,48.78,1,0,0,0
42,54.26,0,2,1,1
9,55.49,1,0,1,0
7,44.83,1,1,1,1
37,80.06,1,3,0,0
23,80.11,2,3,1,1
16,61.7,2,1,1,0
46,42.52,1,2,1,0
13,70.76,0,1,1,0
16,67.16,0,2,0,0
38,74.05,2,2,1,0
52,61.31,0,0,0,0
63,57.08,1,2,1,0
68,88.98,0,3,0,0
6,49.43,4,2,0,1
26,57.67,2,2,1,1
15,26.17,1,0,0,0
69,53.93,0,3,1,0
35,51.82,1,3,1,0
50,54.6,1,2,1,0
68,72.78,1,3,0,0
20,49.25,1,0,1,1
26,69.49,2,3,1,1
39,53.7,1,3,1,0
62,52.31,0,2,1,0
43,24.47,0,2,1,0
39,69.04,2,3,0,0
1,73.28,1,3,1,1
33,41.48,2,3,0,0
40,49.03,0,1,0,0
55,24.95,3,2,1,0
39,53.41,2,1,1,0
14,38.69,1,0,1,0
10,67.82,2,3,1,0
38,57.84,2,3,0,0
61,72.01,0,1,0,0
3,43.57,0,0,1,1
37,26.48,1,3,1,0
38,58.38,0,1,0,0
44,48.26,2,3,1,0
71,95.95,3,0,1,1
68,64.49,0,2,1,0
6,88.14,1,2,1,1
12,70.25,1,1,1,1
8,53.54,2,0,1,1
28,29.8,0,1,1,0
41,55.27,1,1,0,0
3,72.11,3,1,0,1
67,61.5,2,0,1,0
41,66.43,1,1,1,0
40,65.97,1,2,1,0
70,33.7,1,2,1,0
69,65.97,0,2,0,0
24,44.16,1,3,0,0
23,59.13,1,0,0,0
47,86.82,0,3,1,0
71,21.02,1,2,1,0
71,54.86,1,3,1,0
16,66.8,2,2,1,1
45,81.24,0,1,1,0
55,61.38,1,2,1,0
54,43.71,0,2,1,0
24,75.47,1,2,1,0
44,71.38,0,2,1,0
60,25.33,0,3,0,0
8,61.43,2,3,0,0
3,26.47,3,3,1,0
32,15.0,3,0,1,0
23,40.56,2,2,0,0
47,41.79,1,3,1,0
66,18.23,1,0,1,0
15,97.23,0,1,0,0
55,34.5,0,1,1,0
59,67.89,1,1,1,0
35,74.88,1,0,1,1
43,103.8,1,2,1,1
27,54.14,0,1,0,0
42,92.82,0,0,0,0
68,38.57,2,3,1,0
24,60.49,2,1,1,0
14,53.34,0,2,1,0
55,41.55,1,2,0,0
14,68.1,0,2,0,0
6,99.28,2,0,1,1
5,103.45,1,1,1,1
48,75.01,1,1,1,1
48,39.12,2,2,1,0
15,45.55,1,2,1,0
65,73.61,4,0,1,1
59,73.03,1,3,1,0
10,72.83,1,0,1,0
12,56.22,1,0,1,1
55,43.63,0,0,0,0
42,70.69,0,1,1,0
55,61.2,0,0,0,0
50,89.83,1,0,1,1
15,47.89,1,2,0,1
57,78.6,2,3,1,0
37,88.73,0,3,0,0
20,101.13,1,1,0,0
41,100.8,2,3,1,1
65,41.32,1,0,0,0
4,38.34,3,3,1,1
17,64.77,0,3,0,0
68,44.53,1,1,1,0
64,15.0,2,3,0,0
10,91.28,2,1,0,0
42,71.84,1,3,1,0
11,82.46,1,2,0,0
64,65.68,0,0,1,0
50,85.34,1,2,0,0
62,67.33,1,3,0,0
36,64.93,0,1,0,0
9,100.35,1,3,0,1
56,39.0,3,0,0,0
22,72.84,2,3,0,0
46,30.49,1,0,0,0
35,91.96,0,1,0,0
7,57.52,1,0,1,1
42,37.93,0,1,0,0
33,25.73,1,0,0,0
54,57.6,1,3,1,0
70,101.36,1,1,0,0
46,71.87,1,2,1,0
22,30.75,0,1,1,1
44,21.08,1,2,1,0
14,118.58,2,0,1,1
67,50.37,3,3,1,0
63,32.33,2,0,0,0
61,64.61,0,3,0,0
7,73.44,3,2,1,1
19,93.5,2,0,1,1
29,57.76,0,1,1,1
56,47.4,0,1,1,0
71,75.34,1,1,0,0
53,45.55,1,0,1,1
62,68.95,3,0,1,1
67,65.28,1,3,0,0
10,81.44,1,1,1,1
63,47.54,1,2,1,0
7,48.03,1,2,0,0
49,67.45,0,0,0,0
35,71.03,4,0,0,1
8,32.13,1,1,1,1
49,45.35,1,0,0,0
60,65.04,1,1,1,0
58,54.04,2,3,0,0
59,107.44,1,3,1,1
15,75.99,6,0,1,1
26,86.74,0,0,0,0
31,60.0,0,3,0,0
38,63.26,1,3,1,1
33,63.99,2,1,0,1
37,82.97,1,1,1,1
22,54.98,1,1,1,0
58,93.29,2,2,0,0
49,46.78,0,0,1,0
51,81.73,1,1,1,0
39,66.98,2,0,1,1
68,54.29,2,0,0,0
30,93.57,2,0,0,1
36,81.4,3,2,0,0
55,57.97,0,0,1,0
38,46.17,0,1,0,0
22,78.38,3,0,0,1
12,45.47,1,1,0,0
43,72.69,1,0,1,0
23,43.55,1,3,0,0
56,63.81,3,3,1,0
48,44.27,1,2,1,0
25,57.74,2,0,1,1
63,94.95,0,0,0,0
3,96.63,1,3,1,1
7,52.11,1,1,1,0
1,56.21,2,2,0,1
4,27.97,0,3,1,1
57,67.65,0,2,0,0
48,84.42,2,2,1,0
58,44.57,0,0,0,0
61,43.32,4,0,1,1
51,68.84,1,2,1,0
16,50.22,1,0,0,0
2,65.52,3,0,0,0
30,92.94,1,2,0,0
19,71.05,6,1,0,1
33,75.38,0,2,0,0
68,99.7,1,3,0,0
65,66.72,3,0,1,0
40,75.77,0,2,0,0
4,63.14,0,3,0,0
31,46.67,1,3,1,0
66,94.18,0,2,0,0
69,33.91,1,0,1,0
32,63.54,0,2,1,1
69,38.58,1,1,0,0
27,45.31,1,2,1,0
18,35.97,2,3,1,0
42,56.7,2,2,1,0
52,71.25,0,3,1,0
2,88.04,4,1,1,1
59,24.03,1,1,0,0
23,66.47,1,0,0,0
61,53.86,1,0,1,0
19,49.41,1,1,0,0
65,59.58,2,2,1,0
8,65.91,2,1,0,1
54,59.78,2,2,0,0
9,61.96,2,1,0,1
5,105.85,0,0,0,0
3,64.09,1,3,1,1
22,68.8,1,0,0,0
68,38.99,3,3,1,0
15,83.88,0,3,0,0
34,51.52,2,3,0,0
46,60.08,1,3,1,0
54,46.5,2,1,1,0
39,60.12,0,0,1,0
24,43.34,1,0,1,0
70,36.09,0,0,0,0
1,34.04,1,0,1,1
17,54.3,0,1,1,0
33,62.28,3,3,1,0
9,76.42,1,2,1,0
57,95.18,1,2,0,0
3,99.24,2,0,1,1
15,49.33,0,1,0,0
15,47.84,1,3,1,0
29,77.17,1,1,1,1
64,44.48,1,2,0,0
37,84.64,1,2,0,0
44,83.09,1,1,1,1
24,43.16,0,1,1,0
18,77.42,2,2,0,1
39,91.21,0,0,0,1
41,71.62,1,2,1,0
67,56.85,1,1,0,0
47,59.3,2,3,1,0
26,72.19,0,1,1,0
24,47.98,0,2,1,0
27,69.52,0,2,1,0
2,58.12,0,2,1,0
5,48.06,1,2,0,0
50,43.36,2,0,1,0
20,73.96,2,0,1,1
42,44.81,2,0,1,0
59,67.29,0,1,1,0
6,26.02,1,2,0,0
1,58.93,0,3,1,0
36,65.04,1,0,1,0
56,69.88,1,1,0,0
11,81.65,2,3,1,0
25,73.29,0,2,0,0
30,74.01,1,2,1,0
24,57.51,3,2,1,0
53,42.26,0,2,1,0
7,39.76,0,2,0,0
43,47.69,2,3,0,0
13,67.76,2,3,0,0
24,83.0,2,0,1,1
12,69.86,0,2,1,0
55,66.99,0,1,0,0
19,78.0,3,2,0,0
18,56.42,2,1,0,0
37,66.45,1,2,1,1
47,60.78,1,1,1,1
54,67.09,1,2,1,0
21,58.6,1,0,1,0
70,37.27,1,3,1,0
45,55.34,4,1,0,1
4,46.79,2,0,1,1
41,97.24,0,3,1,0
43,91.27,2,1,1,0
43,50.5,0,2,0,0
71,45.81,3,0,0,0
61,63.19,2,3,0,0
50,33.01,2,1,1,0
58,87.43,1,0,0,1
50,61.63,3,2,0,0
70,53.31,4,2,0,0
67,83.39,0,0,0,0
17,88.0,3,3,1,1
48,65.54,1,2,0,0
70,82.48,1,0,0,0
55,29.51,0,3,0,0
48,47.39,1,3,1,0
24,45.71,0,3,0,0
11,30.22,0,1,1,0
9,79.52,0,3,1,0
1,109.91,0,1,1,1
23,36.16,2,1,0,0
17,51.1,1,2,0,0
33,83.36,1,1,1,0
33,56.38,0,0,1,0
13,61.97,2,2,1,1
46,46.26,2,3,0,0
66,68.7,2,1,0,0
64,42.83,2,1,1,1
9,77.06,3,0,1,1
60,72.42,4,1,0,0
39,69.5,1,3,1,0
66,46.9,1,2,1,0
53,57.81,0,2,1,0
62,71.34,0,0,1,0
18,44.35,0,0,1,0
62,42.63,0,3,0,0
33,17.06,1,2,0,0
70,51.37,1,0,1,0
44,58.97,2,0,0,0
54,80.75,1,1,1,0
15,38.09,1,2,0,0
11,33.27,0,3,1,0
65,85.76,1,1,1,0
41,83.55,0,1,1,0
55,39.36,0,1,0,0
32,52.04,2,3,0,0
35,25.78,2,2,0,0
49,60.52,0,0,1,0
16,87.4,0,0,0,1
21,77.49,0,3,1,0
38,40.96,1,1,0,0
66,67.4,1,0,0,0
6,47.64,1,1,0,0
21,68.15,1,1,0,0
59,51.06,0,3,1,0
33,74.35,1,1,1,0
7,86.86,2,1,0,1
13,68.33,0,1,0,0
69,69.09,1,1,0,0
66,69.76,0,3,1,0
28,79.3,1,1,1,0
64,53.78,1,1,1,0
14,58.66,0,1,1,1
68,59.01,1,3,1,0
3,88.12,0,2,0,0
16,65.27,1,0,1,1
64,73.35,1,3,0,0
24,54.86,0,2,1,0
55,35.33,1,2,1,0
65,56.08,0,2,1,0
1,71.59,2,3,1,1
63,56.01,1,2,1,0
69,50.92,1,0,1,0
9,54.82,3,3,1,1
10,72.45,3,1,1,1
34,70.65,3,0,1,0
13,62.19,0,1,0,0
4,43.53,0,1,0,0
61,48.74,2,3,0,0
59,130.0,0,3,1,0
24,58.81,1,1,1,0
60,74.37,3,2,1,0
22,68.2,0,0,1,1
67,34.89,3,0,0,1
24,88.24,1,2,1,1
58,63.76,3,3,1,1
49,44.5,1,3,0,0
31,77.13,0,2,1,0
42,50.97,1,3,0,0
27,68.38,1,1,0,0
65,35.98,1,1,1,0
47,58.55,0,2,1,0
3,75.2,1,1,0,1
31,52.45,1,3,1,0
63,34.32,4,1,0,0
69,45.91,2,2,0,0
43,75.28,0,2,1,0
34,30.72,0,1,1,0
69,34.61,0,0,1,0
33,77.16,0,0,0,0
69,64.13,0,3,1,0
70,60.95,1,3,0,0
31,53.06,1,0,0,0
19,69.59,1,3,1,0
67,78.18,4,2,1,0
24,70.65,0,1,1,1
35,27.36,2,3,1,0
6,74.26,3,2,1,1
36,29.27,4,3,1,0
66,95.66,2,0,1,1
21,53.05,3,1,1,1
38,73.77,1,2,0,0
65,68.35,1,1,1,0
32,49.25,0,3,0,0
68,85.47,3,2,0,0
64,66.34,1,1,1,0
15,103.87,2,2,0,0
65,75.15,1,2,0,0
39,68.83,1,2,1,0
15,111.85,0,2,1,1
68,89.88,1,3,1,0
9,62.82,4,2,1,1
43,46.87,1,3,1,0
63,100.68,1,1,1,0
27,87.0,1,1,1,1
68,86.99,0,1,1,1
65,56.49,1,1,0,0
39,50.89,2,3,0,0
23,45.29,0,3,0,0
52,85.5,3,1,1,0
25,59.82,1,1,0,1
2,75.94,1,1,1,1
62,19.91,3,2,0,0
35,83.24,1,0,1,1
59,48.59,1,2,1,0
6,15.0,1,2,0,0
6,37.25,1,2,1,0
10,70.72,1,3,0,1
20,92.62,1,1,0,1
4,15.0,1,3,0,0
56,35.11,1,0,1,0
39,64.78,1,1,1,0
1,31.18,0,0,1,1
41,53.35,1,2,1,0
61,41.34,2,3,1,0
31,63.6,1,3,0,0
30,32.23,0,1,0,0
51,54.7,3,2,1,0
17,44.69,2,0,0,0
6,64.05,2,1,0,1
1,60.08,0,1,1,0
17,81.42,4,1,1,1
60,66.09,2,2,1,0
13,96.6,0,3,1,0
52,29.64,0,1,0,0
37,56.43,1,1,1,0
39,77.01,2,0,1,1
57,63.74,0,0,1,0
53,15.0,0,2,0,0
13,68.06,2,3,0,0
55,51.86,0,1,1,0
64,110.79,1,3,1,0
1,59.64,6,3,1,1
25,75.35,0,2,1,0
11,42.73,3,1,1,1
15,75.63,1,0,1,1
39,15.0,1,3,1,0
19,41.41,1,3,0,0
42,54.18,0,0,1,0
55,29.77,3,2,1,0
63,81.46,1,3,1,0
1,62.14,0,2,0,0
18,95.0,2,0,1,1
31,33.53,0,2,1,0
38,45.21,1,0,1,0
21,75.01,1,2,1,1
2,51.76,1,1,0,0
38,78.64,1,3,0,0
16,74.93,0,0,1,1
28,46.95,0,3,1,0
28,64.46,1,2,0,0
7,72.83,0,3,1,0
70,66.96,2,0,1,0
11,57.93,3,0,1,1
46,52.31,4,1,0,0
69,57.57,0,2,0,0
1,81.87,1,3,0,0
41,103.61,1,1,0,0
28,33.68,1,0,0,0
66,41.88,1,0,0,0
13,58.87,1,2,0,0
68,91.42,3,2,1,0
54,44.96,0,2,1,0
43,109.03,1,2,0,1
59,108.16,1,0,1,1
65,15.0,0,0,0,0
11,76.05,2,2,1,1
30,74.57,2,0,0,1
34,53.94,2,3,0,0
22,25.1,3,2,1,0
9,68.04,0,1,1,0
58,54.61,1,1,0,0
45,86.37,2,1,1,0
24,74.15,4,3,0,0
49,43.78,1,2,1,0
19,102.26,0,1,1,0
65,99.85,2,0,0,0
34,93.08,1,1,1,1
3,64.29,0,2,1,1
29,81.89,0,0,0,0
48,65.31,2,0,0,0
69,52.21,1,3,1,0
31,25.52,1,3,0,0
64,68.88,1,2,1,0
46,23.33,1,2,1,0
52,77.61,0,2,1,0
56,35.83,2,3,1,0
64,67.7,1,3,1,0
51,57.59,3,2,0,0
18,40.25,1,3,1,0
35,42.46,3,3,0,0
19,51.65,0,0,0,0
12,93.5,1,3,0,1
25,70.97,1,0,0,1
34,57.81,0,3,1,0
43,79.9,2,0,1,1
69,39.56,1,2,1,0
2,32.41,0,1,1,0
66,44.96,0,2,1,0
8,83.88,1,3,0,0
40,56.91,0,2,0,0
18,65.06,1,0,0,0
26,65.0,2,0,1,0
7,54.05,2,2,1,0
3,87.71,0,1,1,1
18,76.97,1,2,1,1
69,45.03,1,1,1,1
8,41.51,0,1,0,0
20,61.38,2,1,1,1
22,43.63,0,3,1,0
36,61.99,0,2,0,1
31,77.02,1,0,0,0
12,63.24,1,2,0,1
39,65.9,3,2,1,1
33,51.94,1,2,1,0
58,45.63,1,0,1,0
70,41.19,4,0,0,0
21,88.34,0,3,1,0
15,46.36,0,2,0,0
28,63.63,2,2,0,0
63,64.18,1,0,0,0
62,70.97,2,2,1,0
39,55.15,1,2,0,0
2,29.26,4,2,1,1
21,104.44,0,0,0,0
37,40.17,1,0,0,0
59,74.16,3,3,1,0
9,39.98,1,0,1,0
70,75.5,2,3,0,0
1,40.17,1,3,0,0
66,96.48,1,3,0,0
63,71.39,0,1,0,0
20,29.63,2,2,1,0
48,96.32,1,0,1,1
32,23.33,1,0,0,0
34,55.0,0,1,0,0
37,84.58,1,2,1,0
58,53.94,0,3,0,0
21,88.12,2,2,0,0
68,62.73,0,2,0,0
12,49.71,1,1,0,0
42,87.44,2,0,1,1
24,62.73,3,1,1,1
33,52.07,0,1,1,0
17,81.14,1,3,1,0
1,56.54,1,3,1,0
4,33.58,0,2,1,1
68,46.79,2,3,0,0
18,112.31,1,0,1,1
56,108.57,2,0,1,1
1,29.72,2,3,0,0
8,78.0,1,2,1,1
9,87.06,0,0,0,0
32,55.94,0,2,1,0
68,75.59,2,1,1,0
18,40.68,1,0,0,0
27,54.75,2,3,0,0
68,83.08,1,3,1,0
2,60.24,2,0,0,1
22,58.2,2,1,1,0
60,56.27,1,3,1,0
11,33.76,1,2,1,1
26,40.43,1,1,1,0
64,50.32,4,2,1,0
24,58.53,2,2,1,0
22,43.35,2,1,1,0
29,100.0,0,0,1,1
10,25.02,1,1,1,0
61,38.92,0,0,0,0
5,47.83,1,0,1,0
69,71.97,2,3,1,0
12,31.42,0,3,0,0
26,66.41,1,1,0,0
31,43.59,0,1,1,0
59,44.8,3,2,1,0
18,69.98,1,0,1,1
7,78.17,1,3,0,1
48,82.43,1,3,0,0
9,36.99,0,2,0,0
64,82.46,2,1,0,0
29,82.86,1,3,0,0
11,68.15,0,2,0,0
26,70.78,3,0,1,1
3,62.3,0,2,0,0
44,58.47,0,2,0,0
54,79.34,0,2,1,0
61,96.13,1,2,0,0
48,56.5,4,0,1,1
56,69.17,0,3,1,0
62,81.11,0,1,1,0
25,33.19,2,3,1,0
9,95.7,1,3,0,1
2,69.62,0,3,1,0
50,92.02,1,0,1,0
12,56.3,1,2,0,1
21,44.17,3,1,1,0
18,59.26,1,0,1,0
14,68.52,1,1,1,1
34,43.16,0,0,0,0
27,81.14,2,1,1,1
21,67.95,3,0,0,1
61,40.52,0,2,1,0
14,72.23,0,0,1,0
59,59.39,0,1,1,0
12,63.25,3,3,0,0
60,54.4,0,2,0,0
58,47.87,1,3,0,0
18,37.56,3,0,1,1
38,65.09,1,1,0,0
33,63.69,1,1,1,0
64,72.8,1,3,1,0
13,48.2,0,0,1,0
10,71.89,3,1,0,1
16,80.19,5,3,1,1
34,38.84,1,2,1,0
60,66.92,2,2,1,0
24,108.39,1,2,1,1
8,52.32,0,0,1,1
10,56.18,2,1,1,1
66,61.66,2,1,0,0
42,51.74,1,2,1,0
69,80.28,2,3,1,0
11,60.69,2,2,0,0
32,60.17,1,3,0,0
70,46.21,2,2,0,0
43,73.46,1,2,1,0
40,60.3,1,3,1,0
69,53.91,1,2,1,0
27,55.72,2,1,0,0
52,94.79,1,3,1,0
22,62.15,0,2,1,0
57,67.7,2,1,0,0
46,89.83,2,1,1,1
53,60.07,0,1,0,0
39,81.85,0,1,1,0
4,41.47,0,3,1,0
2,75.64,3,0,0,1
56,18.72,1,2,1,0
43,65.17,2,2,1,1
50,53.31,2,0,0,0
67,47.47,1,0,0,0
25,84.23,0,1,0,1
36,77.21,2,0,0,0
4,79.69,2,1,0,1
63,92.86,2,0,0,0
26,72.92,0,2,0,0
30,73.9,1,0,1,0
40,60.89,1,3,0,0
12,100.63,2,2,1,1
26,80.32,2,2,0,1
50,46.16,0,1,0,0
42,44.38,0,3,1,0
16,46.88,2,0,1,1
29,46.93,1,2,1,0
48,88.38,0,3,0,0
50,68.12,3,3,0,0
48,83.66,2,3,1,0
67,46.43,4,2,0,0
57,46.27,2,0,0,0
2,86.82,1,0,1,1
36,20.96,0,2,1,0
44,37.46,3,2,0,0
67,18.76,0,2,1,0
58,48.02,3,1,1,0
24,114.36,2,1,0,1
2,46.09,2,3,0,0
32,83.1,2,3,1,1
33,95.17,1,3,1,1
18,48.2,1,2,0,0
58,47.23,2,3,0,0
61,68.51,1,3,0,0
49,75.43,1,0,1,1
19,29.68,2,0,1,0
28,45.19,3,1,1,0
27,95.26,4,3,1,0
25,45.21,1,1,1,0
71,69.36,0,1,1,0
3,82.75,1,3,0,1
64,54.95,1,0,1,1
36,58.17,3,0,0,0
51,50.5,2,0,1,0
59,48.37,1,2,0,0
39,49.35,1,0,1,0
59,28.5,0,3,1,0
26,51.5,0,3,1,0
51,57.26,2,1,0,0
8,76.26,2,0,1,1
36,53.2,2,3,0,0
21,48.3,0,0,0,0
18,100.2,1,3,1,0
49,61.46,2,2,1,0
21,57.09,4,2,0,0
35,51.1,0,1,0,0
13,61.63,3,0,1,1
38,44.16,1,1,1,0
24,51.33,1,2,1,0
64,44.38,0,3,1,0
1,37.06,2,2,0,0
66,52.64,0,0,1,0
33,33.72,0,3,1,0
25,96.78,1,1,1,1
56,38.23,0,3,0,0
28,97.44,1,1,1,1
24,68.25,4,3,1,1
21,79.68,0,3,0,0
61,91.33,2,0,1,0
4,28.35,1,0,0,0
40,95.08,0,0,1,0
56,71.86,2,1,1,1
56,52.17,0,3,0,0
24,46.74,3,2,1,0
71,69.29,1,2,0,0
10,29.64,1,3,0,0
8,98.39,1,1,1,1
65,58.96,0,2,0,0
29,78.24,2,0,0,0
64,64.95,1,0,1,1
12,54.03,0,3,0,0
18,55.01,1,1,1,1
10,45.27,0,0,0,0
48,88.28,0,1,1,0
51,62.69,0,1,1,0
16,73.41,0,3,0,0
1,72.58,2,0,1,1
16,76.78,1,1,0,0
43,72.24,2,1,1,0
41,88.83,1,0,0,0
66,50.3,0,0,0,0
65,43.2,2,2,1,0
30,60.95,0,0,0,0
67,56.67,1,0,1,0
49,64.57,0,0,0,0
60,87.06,2,1,0,0
10,82.95,1,1,0,0
32,74.91,0,2,1,0
54,47.85,1,3,0,0
14,73.82,2,3,0,1
55,67.24,2,2,1,0
32,78.81,2,1,0,0
42,63.5,1,3,1,0
54,55.67,2,2,0,0
66,66.22,2,2,1,0
60,49.1,2,1,1,0
40,45.89,0,3,0,0
61,68.3,1,0,0,0
43,63.74,0,1,1,0
22,83.66,2,0,1,1
2,66.68,1,2,1,1
44,40.07,2,3,0,0
59,91.1,0,3,1,0
2,96.26,3,1,0,1
25,41.58,0,1,1,0
24,51.46,0,0,0,0
50,83.17,1,3,1,0
27,67.23,0,1,1,0
35,33.92,1,3,1,0
12,86.1,1,0,0,1
12,65.15,0,1,0,0
53,69.87,2,0,1,1
34,86.71,1,0,0,0
44,49.96,0,3,0,0
67,48.64,1,3,0,0
54,76.32,2,0,1,1
47,81.67,3,3,1,0
41,65.31,3,1,0,0
8,86.16,1,1,0,1
63,71.49,3,0,1,0
39,84.78,2,2,1,1
10,46.7,1,0,1,1
65,58.77,1,2,0,0
6,84.09,1,0,1,1
2,45.89,2,3,1,0
63,46.98,0,2,0,0
1,65.49,2,2,1,1
8,57.28,2,3,0,0
59,43.96,0,0,0,0
47,30.05,0,2,1,1
43,89.69,2,0,0,1
11,63.72,0,0,0,0
54,90.88,2,2,1,0
70,44.96,0,1,1,0
23,63.93,0,3,0,0
40,59.39,2,3,1,0
40,64.38,2,0,0,0
54,31.18,0,0,1,0
11,86.75,3,0,1,0
42,56.76,1,0,1,0
9,66.65,0,1,0,0
57,42.64,1,1,1,0
40,92.79,2,3,1,0
34,32.0,1,1,1,0
61,99.81,1,0,1,1
11,54.13,2,2,1,1
39,55.17,1,3,0,0
63,48.56,2,2,0,0
2,89.82,0,3,0,0
23,44.98,0,2,0,0
1,44.61,2,2,1,0
38,43.12,0,3,1,0
55,71.6,2,1,0,0
66,72.6,0,3,1,0
26,47.56,1,2,1,1
52,72.12,1,2,1,0
15,92.43,2,0,0,1
5,75.64,1,1,0,0
19,69.49,1,1,0,0
9,41.69,1,2,1,1
66,92.71,0,1,1,0
33,75.32,2,0,1,0
35,33.57,5,3,1,0
64,47.09,2,0,1,0
10,15.0,2,0,1,1
33,71.82,1,1,0,0
13,37.0,1,2,0,0
21,56.34,1,3,1,0
5,89.03,1,3,0,1
4,33.19,0,2,1,1
68,78.5,0,3,1,0
14,55.25,3,0,1,1
33,39.64,2,0,0,0
6,86.73,2,0,1,1
32,69.3,1,1,0,0
41,47.39,1,1,1,0
5,71.5,0,1,1,1
25,49.2,1,2,0,0
20,43.84,1,3,1,1
15,53.5,0,2,1,0
58,80.71,0,1,0,0
45,29.22,1,1,1,0
60,34.95,1,2,0,0
31,78.41,1,0,1,1
32,32.99,1,2,1,0
15,56.76,0,0,0,0
20,54.66,0,3,1,0
52,35.06,0,1,0,0
69,45.85,1,1,1,0
42,58.18,0,0,1,0
23,59.04,3,2,0,0
50,73.26,0,1,1,0
20,65.05,1,3,1,0
10,78.89,0,1,1,1
11,64.86,1,0,0,1
7,52.16,1,1,1,0
35,73.31,2,2,0,0
43,69.56,0,2,1,0
60,77.93,1,0,1,1
64,57.81,1,3,1,0
37,58.19,0,2,1,0
12,58.49,2,1,1,1
59,31.3,1,0,1,0
22,69.87,1,3,1,0
24,47.74,1,2,1,1
50,45.82,0,2,0,0
49,53.62,1,0,1,0
32,102.29,0,2,1,0
13,45.22,2,1,1,1
30,90.8,2,3,1,1
33,19.3,0,3,0,0
54,55.32,1,3,1,0
22,99.12,1,1,1,1
34,64.6,0,3,0,0
22,68.63,1,3,0,0
14,49.92,1,3,1,0
54,22.21,1,3,1,0
66,71.43,2,0,1,0
16,79.72,0,1,1,1
1,82.47,1,3,1,1
36,99.56,0,0,1,1
26,59.9,1,3,1,1
26,71.98,1,3,0,0
47,19.11,2,0,1,0
63,54.8,2,1,1,0
7,64.51,0,0,1,1
17,86.96,2,2,1,1
31,98.47,1,2,1,1
25,93.85,2,3,0,0
57,70.9,1,3,1,0
51,59.11,1,2,1,0
36,60.32,0,3,0,0
21,60.88,0,2,1,0
15,64.69,1,0,1,1
52,85.34,1,0,1,0
71,58.05,1,2,1,0
70,28.81,2,3,0,0
59,38.09,0,3,0,0
26,120.33,0,2,0,1
16,88.67,3,3,0,0
39,52.0,1,3,1,0
23,56.61,2,3,0,0
2,76.34,2,0,0,1
70,67.94,1,2,0,0
57,68.3,0,0,1,0
41,22.68,0,2,1,0
27,34.42,2,1,1,0
35,64.87,1,3,0,0
44,75.88,0,3,1,0
30,68.3,2,0,1,1
15,93.4,0,3,1,1
69,63.09,0,2,1,0
48,67.16,2,1,1,0
16,63.34,0,1,1,0
36,81.53,0,0,1,1
14,49.95,0,0,0,0
71,102.76,1,1,1,1
33,40.8,0,0,0,0
68,77.7,0,3,0,0
30,76.54,0,0,1,0
41,93.78,1,1,0,0
29,39.69,1,2,1,0
13,44.03,2,2,1,1
41,56.46,1,2,0,0
21,76.52,1,2,0,0
33,79.23,1,1,1,1
39,15.0,1,0,1,0
33,55.82,3,1,0,0
57,66.97,1,0,1,0
29,68.95,1,2,1,0
64,69.15,4,1,0,1
2,59.1,0,1,0,0
63,64.17,1,3,1,1
13,24.47,0,0,0,0
56,79.29,2,0,1,0
16,15.0,0,1,1,0
33,58.13,0,3,0,0
42,43.33,1,2,0,0
41,68.14,1,0,0,0
56,41.82,4,1,0,1
19,78.9,1,1,0,1
49,68.23,0,2,0,0
40,73.69,0,2,1,0
67,82.84,1,3,0,0
27,84.07,1,0,1,1
58,57.42,0,0,1,0
40,77.48,1,2,1,0
37,70.84,2,0,1,0
3,76.46,0,2,0,1
20,64.25,3,3,1,1
7,15.0,0,2,1,0
15,56.06,1,3,1,0
47,60.62,2,1,0,0
68,51.06,1,3,1,0
31,46.88,2,1,1,0
53,63.89,0,1,0,0
16,47.19,0,3,1,0
13,73.87,4,0,0,0
69,85.79,1,2,0,0
47,61.09,1,1,1,0
2,77.83,1,2,1,1
57,37.34,0,0,0,0
67,41.06,0,2,0,0
22,54.58,2,1,0,0
60,41.85,2,0,0,0
27,61.87,0,1,1,0
1,62.5,1,0,1,1
64,92.54,0,1,1,0
63,50.59,2,1,1,0
45,86.05,2,0,1,1
51,40.98,1,3,0,0
6,56.51,0,2,1,0
16,77.54,3,3,1,1
43,67.71,0,0,1,1
49,15.0,1,2,1,0
32,60.27,0,0,1,0
67,70.41,1,1,0,0
49,31.41,0,3,0,0
5,52.28,0,3,0,0
71,55.16,1,1,0,0
22,69.15,0,1,1,0
30,86.34,1,1,0,0
10,34.47,1,1,0,0
66,43.55,1,1,1,0
62,92.3,1,1,1,0
34,84.9,2,3,1,1
9,95.24,1,3,0,1
17,60.95,2,3,0,1
8,81.74,2,3,1,0
15,15.0,3,3,1,0
7,70.44,1,3,1,0
18,42.56,0,0,1,0
60,33.76,1,2,1,0
34,40.09,0,0,1,0
15,81.26,0,1,1,1
66,90.9,0,0,0,0
69,51.85,2,0,1,0
51,54.54,0,3,1,0
3,84.85,1,3,1,1
33,48.22,1,2,1,0
33,66.62,1,3,0,0
6,73.82,3,1,1,1
10,85.21,1,1,1,1
3,56.2,2,3,1,1
13,15.0,0,1,1,0
50,57.68,1,2,1,0
13,75.31,2,3,1,1
61,52.4,1,0,1,0
40,50.31,0,3,1,0
64,42.83,2,3,0,0
16,70.15,1,0,1,0
38,64.89,4,0,1,0
25,67.08,1,0,1,0
45,61.7,1,1,0,0
62,86.83,0,1,0,0
32,68.21,0,1,1,0
43,60.36,0,1,0,0
5,39.66,1,1,1,0
1,53.65,1,3,1,0
48,61.64,2,1,1,0
19,90.85,2,2,0,1
48,71.2,1,2,1,0
44,55.25,0,1,1,0
63,76.62,0,0,1,0
23,74.24,0,1,1,1
3,52.93,1,3,1,1
7,70.98,0,0,1,1
24,40.39,0,3,0,0
8,63.9,1,3,1,1
11,101.64,1,2,1,1
26,81.18,2,0,1,1
28,74.32,3,3,0,0
45,79.22,0,1,1,0
67,75.91,1,3,1,0
34,39.04,1,3,0,0
38,53.05,0,3,0,0
17,48.51,0,0,1,0
54,71.24,0,2,0,0
11,80.12,1,2,1,1
62,102.2,0,1,0,0
22,59.25,1,0,1,1
62,39.91,0,1,0,0
63,67.89,4,2,0,0
7,61.49,0,2,0,0
6,67.36,0,2,0,0
42,62.61,1,0,1,0
6,72.12,1,3,1,0
16,50.91,1,2,0,0
7,68.18,0,2,0,0
30,81.61,1,1,1,1
40,65.84,4,3,0,0
64,73.11,0,0,0,0
2,49.8,1,3,1,0
9,79.32,2,3,0,0
22,60.34,0,0,0,0
36,49.38,0,0,1,0
22,58.03,1,3,1,0
5,54.81,1,3,1,0
31,59.06,3,2,1,0
6,51.53,0,1,0,0
31,95.7,1,2,0,0
65,80.0,3,1,0,0
60,71.5,0,2,0,0
14,71.33,1,0,1,1
22,60.45,2,3,1,1
32,78.23,1,0,1,1
12,57.67,0,2,1,0
17,60.74,0,3,0,0
56,47.05,4,1,0,0
58,85.81,2,3,0,0
16,85.2,1,3,1,1
71,83.48,1,0,1,1
10,83.91,2,3,0,0
16,15.76,1,1,0,0
2,63.94,1,3,1,0
64,81.97,3,2,1,0
69,71.8,0,0,0,0
18,31.21,0,0,1,0
48,67.77,0,0,1,0
18,75.22,1,2,1,1
45,51.23,2,2,1,0
24,39.23,1,0,1,1
7,49.9,1,0,0,1
27,15.0,0,0,1,0
60,66.48,0,2,0,0
37,44.78,1,0,1,0
5,55.04,1,0,0,0
63,57.84,2,0,0,0
50,59.35,2,3,0,0
46,91.93,2,1,1,1
59,44.43,1,2,0,0
7,56.32,2,0,1,1
33,19.17,2,1,1,0
44,47.5,2,0,1,1
14,22.86,0,0,0,0
12,75.46,1,0,1,1
70,60.03,0,3,0,0
18,48.47,3,3,0,0
4,77.58,1,0,1,1
25,40.28,3,3,1,1
20,56.91,2,2,0,0
13,44.3,1,0,1,0
44,42.11,2,2,1,0
3,55.83,1,0,1,1
45,48.5,1,0,0,0
31,57.64,1,2,1,0
14,38.81,0,1,1,0
48,29.86,1,0,0,0
20,87.17,1,3,0,1
61,67.96,1,0,1,0
29,53.4,1,3,1,0
56,64.84,0,1,0,0
70,41.06,1,3,0,0
9,68.15,1,3,1,1
71,32.18,1,3,0,0
8,69.94,2,3,1,0
8,68.09,1,0,1,0
12,59.67,1,2,0,0
61,75.04,1,3,1,0
41,59.53,3,0,1,1
29,94.04,2,3,1,1
67,73.52,1,0,0,0
18,31.19,2,0,1,1
48,41.57,0,0,0,0
32,93.58,0,1,0,0
21,50.5,1,2,0,0
4,68.19,0,0,1,1
41,50.62,1,1,0,0
52,91.07,1,0,1,0
15,82.97,2,1,0,1
50,77.34,2,2,0,0
66,53.54,0,0,1,0
18,55.73,1,1,1,1
35,88.89,2,1,1,1
3,50.96,0,0,1,1
65,19.75,0,0,1,0
53,92.51,0,3,0,0
24,81.15,3,0,1,1
70,36.3,0,2,0,0
29,67.51,1,1,1,1
10,73.95,1,1,1,0
3,66.36,2,3,1,0
70,94.75,1,3,1,0
42,86.75,0,1,1,1
40,46.87,0,1,1,0
35,59.46,1,0,0,0
17,80.57,0,3,0,0
45,80.95,2,3,1,1
55,55.7,0,0,1,0
44,84.7,0,2,0,0
55,46.1,2,1,0,0
2,78.74,3,0,1,1
26,27.69,3,2,1,0
46,71.82,2,1,1,0
41,102.8,0,2,0,0
56,92.25,3,1,1,1
16,46.27,0,3,1,0
71,15.0,0,1,0,0
42,67.85,0,3,0,0
49,83.47,0,3,0,0
14,64.47,0,0,0,0
48,67.02,2,0,0,0
26,35.0,2,2,1,0
41,51.51,0,0,0,0
57,36.81,1,1,1,0
40,36.4,1,3,1,0
57,50.91,2,1,1,0
69,89.7,4,1,1,0
48,68.92,2,2,1,0
1,46.21,3,3,1,1
65,58.26,2,2,1,0
23,42.71,2,2,0,0
56,49.95,3,2,1,0
12,64.95,0,2,1,1
43,31.47,1,0,1,0
40,66.82,1,3,1,0
48,48.59,3,1,1,0
36,82.47,2,2,0,0
10,42.5,1,3,1,0
16,65.13,0,2,1,1
4,44.01,1,2,1,0
10,71.13,0,1,1,1
18,26.35,3,3,0,0
14,50.38,0,3,0,1
55,43.72,1,2,1,0
18,29.43,0,2,0,0
71,53.52,1,2,0,0
15,57.02,0,0,1,1
16,49.02,0,3,0,0
71,40.65,2,3,1,0
70,47.13,1,2,1,0
61,46.47,2,3,0,0
59,81.48,1,1,1,0
52,71.3,4,2,0,1
12,87.02,0,3,0,1
4,79.68,1,1,1,1
39,97.02,2,1,1,1
46,62.62,2,2,1,0
19,67.54,1,2,1,1
60,64.01,6,3,1,0
54,54.75,1,2,1,1
36,75.53,0,1,0,0
26,70.29,3,2,1,1
5,72.44,2,3,0,0
28,68.08,0,2,0,0
26,83.5,2,2,1,1
41,35.57,1,1,1,0
56,74.46,2,2,0,0
21,62.45,1,0,0,0
56,50.95,0,1,1,0
57,56.82,4,1,1,0
39,73.09,4,2,1,1
44,79.44,2,0,1,0
56,58.99,1,3,1,0
4,77.41,0,0,0,1
35,70.73,0,3,1,0
41,83.67,1,1,1,0
60,83.51,0,0,0,0
32,78.66,2,2,1,1
45,56.72,0,3,1,0
67,41.77,4,0,0,0
36,90.69,0,2,1,0
68,47.65,2,0,1,0
23,79.8,1,3,0,1
5,65.16,0,1,1,1
60,95.83,0,2,1,0
55,61.55,1,1,0,0
43,57.75,3,3,1,1
44,23.53,2,2,1,0
48,75.79,1,3,1,1
36,63.49,0,3,1,0
7,51.96,2,3,0,0
8,56.07,2,1,1,1
33,88.7,1,3,0,0
64,71.57,4,0,1,1
52,80.38,2,3,1,0
46,59.24,2,3,1,0
57,70.07,2,3,1,0
45,82.44,3,0,0,0
27,58.75,0,3,1,0
69,89.34,3,0,1,1
50,59.56,2,2,0,0
9,101.87,1,2,1,1
43,53.64,2,3,1,0
28,55.76,3,3,0,0
16,67.07,2,0,0,1
3,58.02,0,0,1,1
3,62.8,2,0,1,0
21,64.3,1,1,1,1
13,88.65,1,3,1,1
71,55.38,1,2,1,0
37,87.68,2,3,1,0
28,81.89,2,1,1,1
21,67.71,1,2,1,0
59,61.05,1,0,1,0
2,101.87,1,3,1,1
62,15.6,3,2,0,0
32,55.86,0,0,0,0
39,62.47,0,3,1,0
38,75.31,1,3,0,0
60,65.75,1,3,0,0
49,82.88,1,3,1,0
16,75.73,2,1,0,1
1,86.17,0,3,1,1
6,53.26,2,3,1,1
66,74.2,0,1,1,0
15,97.41,1,3,1,0
35,52.42,4,2,1,0
7,68.89,1,1,1,1
49,37.56,1,3,0,0
7,72.83,0,2,0,0
69,49.73,1,0,0,0
4,77.03,0,2,1,0
24,42.33,2,2,0,0
6,65.49,1,1,1,0
36,44.57,0,3,0,0
8,63.91,1,3,1,1
23,72.63,2,1,1,1
39,109.29,2,0,0,1
29,72.68,2,0,1,1
22,73.76,4,1,1,1
53,100.44,3,1,1,0
71,85.38,0,2,1,0
12,43.74,0,0,0,0
45,74.71,1,3,1,0
50,66.56,1,1,0,0
67,80.28,1,3,1,0
9,74.41,0,2,1,1
53,29.34,3,3,1,0
42,52.82,1,2,1,0
64,99.12,0,1,0,0
14,80.41,0,3,0,0
68,46.48,0,1,1,0
26,53.71,1,3,0,0
28,57.69,5,3,0,0
1,36.34,2,0,1,1
17,15.0,1,3,0,0
68,72.42,1,3,1,0
6,41.11,1,1,1,1
67,47.89,2,2,1,0
69,46.34,3,3,1,0
14,53.43,3,2,0,0
17,52.33,1,2,1,0
16,91.8,1,1,0,0
70,54.82,1,1,0,0
38,72.87,1,0,1,1
52,60.52,1,2,0,0
48,86.65,2,3,0,0
58,63.37,4,1,1,1
58,21.04,1,1,1,0
3,97.21,1,1,1,1
48,94.39,1,1,0,0
65,74.58,3,0,1,0
33,29.35,1,1,0,0
6,87.44,1,2,0,1
34,68.0,0,3,0,0
58,44.54,0,0,1,0
63,49.75,0,2,1,0
3,84.24,2,2,1,1
30,48.14,0,3,0,0
68,57.54,1,0,0,0
42,45.7,3,0,1,0
5,71.33,0,1,0,0
5,43.06,1,2,0,0
12,72.4,1,0,1,1
56,54.72,0,3,1,0
33,101.99,3,3,0,1
46,51.8,1,1,0,0
13,62.87,1,1,1,1
26,80.51,0,0,1,0
8,78.58,1,1,0,0
48,30.62,1,3,0,0
26,64.94,1,1,0,0
15,69.47,1,0,1,1
5,75.17,2,0,1,1
23,58.21,1,0,0,0
42,91.61,0,1,1,1
41,89.49,3,3,0,0
53,54.46,0,0,0,0
71,40.27,1,2,1,0
36,60.6,0,0,0,0
14,73.71,1,1,1,1
41,84.29,1,0,1,0
42,39.39,2,2,1,1
18,49.63,0,2,1,1
5,23.67,2,3,1,0
34,43.5,1,1,1,1
39,85.48,1,3,1,0
45,105.63,2,3,0,0
43,78.63,4,1,0,1
67,61.21,1,2,1,0
39,58.75,0,3,1,0
38,103.44,1,2,1,0
39,88.75,1,1,1,1
70,68.84,1,1,0,0
16,53.97,3,1,1,1
29,49.31,4,2,0,1
53,64.63,1,2,1,0
43,100.97,1,1,0,0
7,60.14,2,0,1,1
52,57.8,1,0,1,0
23,70.17,2,3,0,0
8,59.37,1,1,1,1
33,83.53,1,1,0,0
60,44.05,1,0,1,0
55,66.16,0,1,1,0
60,50.27,2,3,1,0
42,80.95,0,2,0,0
9,66.99,1,2,0,0
27,48.66,3,1,0,0
47,52.74,3,1,0,0
4,62.26,1,0,1,0
30,92.23,1,0,1,1
64,73.8,1,0,1,0
13,68.58,0,0,0,1
47,42.52,1,1,0,0
16,31.85,2,3,1,0
10,30.93,0,3,0,0
10,49.58,0,2,1,0
22,69.68,0,3,0,0
66,62.55,0,2,1,0
62,84.29,1,2,1,0
59,39.6,1,2,1,0
66,57.28,0,0,0,0
53,56.27,1,2,1,0
26,41.56,0,2,0,0
13,17.81,1,2,0,0
58,45.0,0,1,1,0
53,79.77,0,1,1,0
56,26.29,2,1,1,0
19,78.35,0,2,0,0
70,78.89,1,1,0,0
37,58.15,1,3,0,0
3,66.86,0,0,1,0
2,58.61,1,3,1,1
43,61.51,0,3,1,0
65,90.19,1,1,0,0
35,84.31,1,3,0,0
25,81.34,2,1,1,1
7,66.64,1,0,0,0
50,59.05,1,2,1,0
57,66.66,2,1,0,0
9,35.79,0,3,0,0
42,43.92,0,3,0,0
14,62.95,1,2,1,0
71,25.61,1,2,1,0
54,61.37,2,3,0,0
12,58.54,1,2,1,0
50,57.56,1,1,1,0
12,58.44,0,1,1,0
44,47.72,3,0,1,0
15,102.64,0,2,0,0
28,22.26,1,1,0,0
57,46.05,2,0,1,1
46,24.97,1,0,0,0
57,67.14,2,0,1,1
65,78.53,1,3,0,0
6,96.35,0,2,0,0
59,45.71,2,3,0,0
56,73.57,3,3,1,0
57,42.24,3,0,1,0
37,58.71,0,3,1,0
32,73.26,1,3,1,0
14,30.41,2,2,0,0
32,56.59,0,3,0,0
50,47.33,0,2,0,0
64,67.47,1,2,1,0
9,76.28,2,1,1,1
20,30.53,0,3,0,0
63,57.64,1,0,1,1
38,32.21,1,3,0,0
13,15.0,1,1,0,0
16,37.76,0,2,0,0
42,46.68,1,1,0,0
32,35.56,2,2,0,0
15,37.5,1,1,1,0
17,85.76,0,3,1,0
55,62.15,4,0,0,0
63,81.73,2,0,1,1
35,88.81,0,1,1,0
65,63.64,0,0,1,0
4,112.13,1,0,1,1
26,69.65,2,3,1,0
30,63.61,0,1,0,0
57,44.6,0,2,0,0
36,54.06,2,0,1,0
57,68.35,0,0,0,0
16,62.85,1,0,1,1
63,65.92,0,3,0,0
66,68.07,1,0,0,0
53,33.75,0,2,1,0
31,45.11,3,2,1,0
16,52.95,1,0,0,0
11,50.07,1,2,0,0
46,33.93,2,2,0,0
14,58.97,0,2,1,0
19,43.05,0,1,1,0
55,80.59,1,0,1,0
34,44.39,1,0,1,0
1,65.21,0,2,0,0
5,20.53,1,2,0,0
5,57.12,0,0,0,1
2,80.28,2,0,1,0
55,61.25,1,1,0,0
65,73.35,2,3,1,0
25,64.46,2,3,1,0
33,54.17,0,3,1,0
68,70.24,2,1,1,0
36,68.53,1,0,1,1
25,68.1,0,0,1,0
45,48.48,0,1,0,0
55,50.44,1,0,0,0
3,15.0,0,0,1,1
41,62.01,2,0,0,0
47,38.87,1,0,1,0
28,44.88,1,2,0,0
52,76.4,3,1,0,0
29,63.71,0,2,1,0
5,67.76,1,1,1,1
62,45.45,0,2,1,0
58,69.52,1,3,0,0
27,60.42,4,3,1,1
37,63.89,3,3,1,0
50,57.73,1,2,0,0
37,92.91,0,3,1,1
1,37.6,0,3,1,1
23,64.91,1,1,1,1
28,65.8,0,0,1,0
5,79.0,2,3,1,1
69,70.63,1,3,1,0
15,50.87,0,1,1,0
63,63.64,1,3,0,0
14,91.01,0,3,0,0
26,82.15,2,3,0,0
57,52.86,0,2,0,0
5,64.61,2,1,0,1
45,58.37,0,2,1,0
17,87.48,2,3,1,1
68,52.58,1,1,1,0
28,87.38,1,3,0,0
14,94.09,5,1,1,1
52,58.69,1,1,1,0
56,106.29,3,2,0,1
37,56.83,0,2,1,0
48,57.6,2,1,1,0
27,76.44,0,0,0,1
33,51.34,1,0,0,1
3,63.62,3,1,0,0
51,38.16,2,2,1,0
65,53.52,0,0,1,0
13,63.35,2,0,0,1
68,34.72,4,2,1,0
53,75.85,2,0,0,0
45,76.57,0,2,0,0
20,59.49,1,0,1,0
8,74.79,3,1,1,1
38,74.87,2,2,1,1
42,45.75,0,2,1,0
48,72.5,1,2,1,0
6,65.94,0,3,0,0
16,48.54,0,2,1,0
42,69.19,2,3,0,0
69,40.35,1,1,1,0
51,15.0,1,2,1,0
9,70.44,2,1,1,1
33,66.53,0,2,1,0
64,97.86,1,2,0,0
7,55.56,1,0,0,0
69,79.58,0,3,0,0
68,44.52,1,3,1,0
58,39.49,3,0,0,0
22,55.9,1,2,1,0
32,66.69,0,0,0,0
69,61.79,2,1,1,0
57,84.74,2,2,1,0
5,86.31,1,2,1,1
45,37.69,4,1,0,0
59,52.9,1,0,1,0
70,99.45,1,1,1,0
24,90.68,1,3,1,1
50,40.64,2,0,1,0
30,49.05,2,3,1,0
9,103.91,1,2,0,1
40,45.37,2,3,1,1
39,89.46,0,0,1,0
49,24.87,0,2,0,0
6,60.75,3,2,1,1
41,44.46,0,3,0,0
38,71.83,0,0,0,0
50,90.62,2,3,0,0
9,74.54,1,1,1,1
41,85.6,0,3,0,0
35,88.83,1,3,1,0
16,98.61,0,1,0,0
57,71.87,3,3,1,0
22,26.36,1,2,0,0
2,33.65,0,3,0,0
22,83.06,0,1,0,0
25,77.46,2,0,0,1
61,86.69,3,1,1,0
5,58.13,4,1,1,1
49,54.77,2,1,1,0
23,26.71,0,3,1,0
24,41.02,2,2,1,1
27,60.29,1,3,1,0
60,49.25,2,3,1,0
2,29.7,1,2,1,1
3,91.53,1,0,1,1
23,62.6,3,1,0,0
22,67.33,0,3,0,0
48,64.22,1,1,0,0
69,61.42,2,2,0,0
33,40.6,2,1,0,0
69,79.09,2,2,1,0
9,50.4,2,2,1,1
60,41.34,2,2,1,0
29,86.76,1,3,1,0
36,63.79,0,3,1,0
2,73.96,1,3,0,0
60,23.68,1,2,1,0
11,96.88,4,3,1,1
52,44.97,2,3,0,0
31,38.81,1,0,0,0
52,53.56,0,0,1,1
12,42.28,0,3,0,0
69,43.91,2,2,1,0
39,71.53,1,0,1,1
39,90.98,2,3,1,0
9,56.98,1,3,1,1
53,62.11,0,1,1,0
55,63.34,2,1,1,0
54,65.8,1,3,0,1
60,36.72,1,3,1,0
49,95.83,3,3,0,0
59,33.28,1,1,1,0
30,48.89,1,2,0,0
54,103.3,0,0,0,0
45,59.67,0,0,1,0
43,41.83,0,1,1,0
10,64.44,1,0,0,0
62,109.21,1,0,0,1
30,63.68,1,0,1,0
9,39.84,2,3,1,0
27,67.03,1,2,0,0
4,68.62,1,1,0,0
53,45.61,3,0,1,1
24,67.34,1,0,1,0
33,17.28,0,0,0,0
70,71.78,0,1,1,0
25,67.03,1,1,0,1
34,64.62,2,1,0,0
27,49.82,2,0,1,1
40,90.29,1,1,0,0
13,76.51,0,0,0,1
19,90.25,1,3,1,1
10,50.81,0,2,1,0
40,78.39,3,1,1,0
51,98.09,2,0,1,1
55,91.78,2,3,1,0
29,44.31,2,0,0,0
41,62.3,1,1,1,0
53,49.84,0,2,1,0
3,57.04,4,1,0,0
57,62.73,1,1,1,0
26,98.31,5,3,1,1
21,93.5,0,0,0,0
29,59.98,1,3,1,0
5,80.71,3,1,1,1
9,50.71,2,3,0,0
7,37.43,1,3,1,0
3,24.5,2,3,0,0
54,45.32,0,3,0,0
50,102.94,1,0,0,0
41,66.58,1,3,1,0
1,73.52,0,0,1,1
51,83.92,0,1,1,0
21,22.88,1,3,1,0
29,57.68,2,0,1,1
44,63.01,0,2,1,0
49,88.15,2,1,0,0
57,70.74,2,3,0,0
4,28.37,0,1,1,1
20,27.52,3,1,1,1
47,68.5,0,2,1,0
6,66.42,0,3,0,0
6,33.7,2,3,0,1
66,33.99,2,2,0,0
15,63.81,0,1,1,1
48,35.48,1,2,1,0
25,69.3,1,2,1,1
55,57.14,2,0,0,0
12,56.4,2,3,1,0
48,101.62,1,3,0,0
63,45.23,2,0,1,0
50,39.12,0,0,1,0
56,51.32,0,3,1,0
6,15.0,0,2,1,0
14,77.49,2,0,0,0
10,74.91,0,1,1,0
53,63.5,0,1,1,0
64,61.08,1,0,0,0
10,60.01,2,2,0,1
22,30.17,4,3,0,0
4,58.16,2,3,1,1
44,60.55,0,2,0,0
1,77.99,0,2,1,0
51,67.15,2,2,1,0
8,81.86,1,2,0,0
37,75.03,2,3,1,0
40,20.78,0,0,0,0
5,45.98,2,0,1,1
13,74.1,1,1,0,0
41,52.79,1,1,1,0
15,61.07,2,0,0,0
34,78.51,0,3,1,1
38,41.3,0,0,1,0
21,65.11,4,2,1,0
4,94.4,1,3,1,1
32,62.46,0,0,1,0
22,47.22,0,3,0,0
41,61.85,2,2,0,0
3,54.09,2,1,1,1
3,36.46,1,0,1,1
30,74.61,0,0,1,1
28,62.08,0,1,1,0
1,23.97,0,0,0,0
15,85.97,1,3,0,0
17,42.73,1,1,1,0
36,63.14,2,0,1,1
18,70.91,0,2,0,0
13,59.15,0,1,1,0
63,36.22,0,2,0,0
31,15.0,1,1,0,0
