tenure_months,monthly_charges,support_tickets,promo_weeks_last_quarter,is_monthly,region_north,churned
49,94.03,2,4,1,0,0
54,59.02,1,4,1,0,0
33,83.68,1,2,1,0,1
2,92.51,0,1,1,0,1
65,85.95,1,4,0,0,0
61,81.64,0,3,1,0,0
16,66.43,1,3,0,1,0
31,77.54,1,3,0,0,0
55,93.07,3,1,1,0,0
49,72.87,1,4,0,0,0
41,55.41,0,1,1,0,0
51,59.77,1,1,1,0,0
16,75.99,2,2,1,1,1
31,55.16,2,2,1,0,0
68,98.12,0,2,1,0,0
26,94.29,2,4,1,0,0
54,88.14,0,4,1,0,0
71,30.67,1,2,1,1,0
44,63.23,3,4,0,0,0
33,112.22,3,2,0,1,0
54,62.61,1,3,1,0,0
53,107.96,1,2,0,0,0
64,92.2,1,4,1,1,0
43,100.34,0,2,0,0,0
36,64.92,0,4,1,0,0
57,81.51,0,2,1,1,0
23,96.87,0,2,0,1,0
58,77.41,2,3,1,0,0
71,99.97,0,1,1,0,0
62,69.66,0,1,1,0,0
60,88.36,0,4,0,0,0
56,45.66,3,2,1,0,0
29,37.38,2,3,0,0,0
1,72.34,1,2,1,0,1
36,60.43,2,1,1,0,0
32,80.38,2,3,1,0,0
23,83.84,0,1,1,0,1
50,67.11,0,2,1,0,0
36,97.11,1,4,1,0,0
53,82.82,1,3,0,1,0
48,65.58,2,3,1,0,1
31,57.76,1,1,1,0,1
37,59.29,4,3,0,0,0
10,41.43,0,3,1,1,0
54,79.13,1,2,1,0,0
36,91.51,2,4,1,0,0
23,87.78,3,2,1,1,0
26,83.11,2,1,1,0,1
6,87.35,0,4,0,0,0
4,86.94,0,1,1,1,1
48,66.63,0,2,1,0,0
70,111.46,3,2,0,0,1
69,64.67,1,2,1,0,0
13,87.06,1,4,1,0,0
9,87.11,0,4,0,1,0
4,75.35,0,1,0,0,0
32,92.46,1,1,1,0,0
64,91.06,2,1,0,0,1
9,47.09,0,2,0,0,0
41,60.28,2,3,1,0,1
57,77.5,0,3,0,1,0
17,74.79,1,4,0,0,1
7,78.22,1,4,1,1,1
53,102.56,3,4,1,0,0
69,32.37,0,2,1,0,0
39,77.21,4,3,1,1,1
12,90.53,0,3,1,1,1
21,76.72,0,4,1,1,0
66,70.57,0,4,0,0,0
66,71.67,3,1,1,0,0
17,114.73,0,2,0,0,0
50,66.22,1,4,1,0,0
40,83.72,2,4,1,0,0
23,93.61,0,4,1,0,0
46,69.98,3,2,0,1,1
61,112.14,2,3,1,0,0
21,59.48,2,1,0,0,0
54,87.75,1,1,1,0,1
52,56.95,1,1,1,1,0
47,103.41,1,2,1,0,0
65,99.09,0,2,0,0,0
63,56.89,2,1,1,0,0
68,76.13,0,3,1,0,0
37,86.06,0,3,0,1,0
8,61.76,2,1,0,0,0
38,96.52,1,4,0,0,0
51,88.99,3,1,0,0,1
4,55.12,1,1,1,0,1
39,78.52,1,2,1,0,0
50,67.32,2,3,0,0,0
25,110.22,2,4,0,1,1
62,58.95,1,1,1,0,0
42,72.45,1,4,0,0,0
15,128.65,2,2,0,1,1
62,80.09,0,4,1,0,0
30,63.03,1,2,1,1,0
27,70.19,0,2,1,1,0
27,50.93,0,1,1,0,0
18,63.98,2,4,0,0,0
8,81.36,3,3,0,0,1
48,64.44,1,2,1,0,0
62,47.53,0,4,0,0,0
43,79.45,0,3,1,1,0
38,72.27,1,2,1,0,0
59,77.44,2,2,0,0,1
68,71.09,1,4,0,1,0
11,66.98,0,4,1,1,0
24,38.33,2,1,0,0,0
24,71.6,3,1,1,1,1
4,57.64,1,1,0,0,0
5,103.99,0,2,1,0,1
24,83.2,2,1,1,1,0
17,86.94,1,1,1,0,1
64,86.26,3,1,1,0,0
59,66.25,1,1,1,0,0
42,65.44,0,3,1,0,1
38,79.73,0,1,1,0,0
67,82.15,0,1,1,0,0
17,68.82,1,4,1,1,1
3,52.89,2,1,1,0,0
34,68.68,3,4,1,0,1
4,63.1,0,2,0,0,0
12,45.8,1,2,1,0,1
5,86.48,0,2,0,1,1
28,44.64,1,3,1,0,0
61,65.89,3,2,1,0,0
69,73.64,0,3,1,0,0
62,64.41,3,3,1,1,0
42,59.99,1,3,1,1,0
19,52.75,2,2,1,1,1
32,77.3,1,3,0,1,0
35,71.67,2,3,1,0,0
36,56.95,1,2,0,0,0
39,83.19,0,4,1,0,0
17,67.32,3,2,1,1,1
49,78.71,1,1,1,0,1
51,121.73,0,1,1,0,0
63,77.18,0,3,0,0,0
40,52.99,0,2,1,1,1
37,67.05,1,2,0,1,0
51,88.84,1,2,0,0,0
26,131.78,0,4,1,0,1
48,78.61,0,4,0,0,0
23,62.71,1,2,0,1,0
25,80.1,1,4,0,1,0
54,81.6,1,1,0,0,0
49,88.33,1,2,0,0,0
58,34.53,0,2,1,0,0
27,70.66,0,4,0,0,0
46,84.68,0,2,1,1,0
25,37.04,0,4,0,0,0
23,68.82,1,3,0,0,0
42,72.86,3,3,1,0,0
17,109.49,2,1,1,0,1
3,77.34,1,1,1,0,1
58,80.71,0,4,0,0,0
46,70.97,0,4,0,0,0
27,50.73,2,2,1,0,0
23,48.71,0,4,1,0,0
48,78.47,1,2,0,1,0
71,111.98,0,1,1,0,0
5,98.58,2,4,0,1,1
53,67.99,1,3,0,0,0
52,72.97,0,2,0,1,0
48,38.35,4,4,0,0,0
45,61.38,1,3,1,1,0
43,87.23,2,4,1,0,0
55,97.57,0,2,1,0,0
42,74.55,0,4,1,0,0
10,70.83,2,1,1,0,1
20,91.66,0,3,1,1,0
5,78.0,0,1,0,0,0
30,106.83,0,3,1,0,0
8,31.95,0,3,1,1,0
15,74.03,2,2,1,1,1
18,83.83,1,4,0,0,0
9,49.52,1,4,1,0,1
43,79.96,0,2,1,0,0
46,96.41,0,2,0,1,0
29,110.74,1,4,1,0,1
30,98.58,1,1,0,0,0
50,82.9,0,1,1,0,0
19,92.87,0,1,0,0,1
69,84.59,2,2,1,1,0
69,44.71,0,4,1,1,0
46,78.14,0,2,1,0,0
58,72.4,2,2,0,0,0
28,32.23,0,1,0,1,0
57,100.84,0,2,1,0,0
5,33.0,0,1,1,0,0
69,64.73,0,3,0,1,0
42,69.15,0,3,0,0,0
69,86.6,1,4,1,0,0
9,71.48,2,2,1,0,0
68,76.14,3,1,1,1,1
65,68.15,2,2,1,0,1
9,50.01,0,3,0,1,0
64,80.03,1,3,1,0,0
14,88.22,1,1,0,1,0
11,73.93,2,4,0,0,0
46,52.85,3,4,1,1,0
12,70.77,0,2,1,0,1
4,64.57,1,2,0,1,0
59,67.51,0,4,1,1,0
61,79.61,0,1,0,0,0
9,75.31,2,1,1,0,1
67,23.57,3,1,0,1,0
22,79.58,2,1,1,1,1
18,42.8,1,2,1,0,1
51,64.67,2,1,0,0,0
7,92.55,3,3,0,0,1
51,63.73,2,1,1,0,0
70,56.32,2,4,0,1,0
21,61.94,4,1,0,1,0
3,38.53,1,3,0,0,0
25,82.14,3,2,1,0,1
62,81.82,0,2,1,0,0
66,101.82,1,2,1,1,1
41,62.32,0,1,0,0,0
54,67.37,1,3,1,1,0
3,79.82,3,3,1,0,1
22,71.7,1,4,1,0,1
71,80.08,1,3,1,1,0
20,110.65,1,1,1,0,1
28,53.17,1,4,1,0,1
5,84.11,1,2,1,1,1
19,75.32,1,1,0,0,1
32,73.47,0,4,1,0,0
52,103.47,1,1,1,0,0
12,103.8,3,2,1,0,1
44,118.42,1,2,1,0,0
30,78.06,2,3,1,0,0
44,100.78,0,2,1,0,0
11,107.65,2,4,1,0,1
19,78.73,1,1,1,0,1
36,116.49,1,2,1,0,1
2,91.91,0,1,1,0,0
43,96.82,0,2,1,0,0
70,101.47,1,3,1,0,0
42,65.45,2,1,1,0,1
62,85.07,3,3,0,0,0
43,56.02,1,4,1,0,0
27,67.39,3,4,0,0,0
35,115.51,1,2,1,0,1
62,88.44,0,1,1,0,0
28,57.54,2,3,1,0,0
57,71.55,0,1,1,0,0
1,58.99,4,2,1,0,1
60,53.45,1,3,0,1,0
71,81.46,3,2,0,1,0
31,90.0,3,4,0,1,0
34,99.47,4,1,1,0,1
67,50.35,0,3,1,0,0
71,101.0,2,2,0,0,0
21,69.55,0,4,1,0,0
27,80.08,2,1,0,1,1
6,82.66,2,1,1,0,1
29,84.06,0,3,1,0,0
51,95.47,1,3,0,0,0
26,69.29,1,4,1,0,0
26,70.01,2,3,0,1,0
31,68.74,1,3,0,0,0
70,79.61,1,4,0,0,0
63,87.29,0,1,0,0,0
61,96.27,0,1,1,0,0
20,44.85,0,2,0,0,0
12,62.95,1,3,0,0,0
45,78.81,2,1,1,0,0
1,108.68,0,2,0,0,1
53,98.66,0,4,0,1,1
4,113.79,1,2,1,0,1
51,85.97,3,3,1,1,0
14,55.38,2,2,1,0,0
42,79.01,2,3,0,0,0
26,63.84,2,2,1,0,0
57,79.32,0,3,0,0,0
63,71.95,1,3,1,0,1
30,60.78,1,4,0,0,0
46,69.95,1,2,1,1,1
23,77.72,0,3,1,0,0
41,82.3,3,1,1,0,0
33,86.24,1,1,0,1,1
42,84.65,0,3,0,0,0
66,85.97,1,4,0,0,0
5,72.42,3,4,0,0,0
37,93.49,2,3,1,0,1
56,49.09,3,2,1,0,0
48,68.84,1,1,0,0,0
62,74.46,2,2,1,0,0
40,98.31,2,3,1,0,0
32,88.88,1,3,0,0,0
56,93.13,1,1,0,0,0
52,54.4,0,1,0,0,0
59,91.51,1,2,1,0,0
30,74.22,1,4,0,0,0
50,63.14,0,3,0,0,0
40,74.19,3,2,1,0,1
65,82.91,0,1,1,0,0
44,63.73,1,4,1,0,0
19,67.14,2,2,1,0,0
40,76.15,2,2,0,0,0
5,89.64,0,4,1,0,0
45,83.71,1,3,0,1,1
28,76.24,2,3,0,0,0
38,108.0,0,3,0,1,1
69,91.17,1,2,0,1,0
57,64.63,1,2,1,0,1
68,84.26,2,3,0,0,0
63,75.5,1,3,0,0,0
32,65.57,0,4,0,0,0
25,71.4,3,2,0,1,0
32,95.05,1,2,1,0,1
39,38.86,1,4,0,0,0
4,95.93,3,2,1,0,1
12,88.16,2,2,1,1,1
16,58.24,0,2,1,0,0
36,73.21,1,1,1,1,0
46,91.24,1,4,0,0,0
2,43.58,1,4,0,0,0
53,63.68,0,3,0,0,0
53,74.34,0,1,0,0,0
21,112.57,0,3,1,0,0
17,85.87,0,2,1,0,0
47,104.94,1,1,1,1,1
60,38.26,2,3,0,0,0
45,97.75,0,1,1,0,1
60,78.23,1,3,1,0,0
61,89.55,0,2,0,1,0
59,77.26,1,3,0,1,0
51,108.4,1,1,0,1,0
70,103.7,1,4,1,0,0
63,90.96,0,4,0,1,0
64,96.09,1,2,1,0,0
32,77.65,1,2,1,0,0
3,74.3,1,3,1,1,0
46,52.78,2,1,1,0,0
10,78.11,1,1,0,1,0
26,75.31,1,1,0,1,0
36,75.47,2,2,1,1,1
27,97.6,3,4,1,0,1
8,65.74,1,1,1,0,1
2,95.83,4,3,1,1,1
9,65.33,0,1,0,1,1
68,56.23,4,2,1,0,0
67,43.36,3,1,1,0,0
56,81.86,3,2,0,0,0
22,66.93,0,1,1,1,0
28,85.19,1,1,1,0,0
52,72.17,4,1,0,0,1
59,85.27,2,2,1,0,0
38,60.32,1,1,1,1,1
42,71.5,1,2,0,0,0
11,48.33,1,1,1,1,1
48,102.11,0,4,1,0,0
2,100.9,2,2,0,0,1
19,56.63,1,3,1,0,0
9,54.46,1,2,1,1,1
51,69.17,0,3,0,0,0
67,74.12,2,2,1,1,0
52,43.98,1,3,0,0,0
17,39.83,2,1,0,0,0
68,58.26,0,1,0,0,0
62,79.89,1,2,1,0,0
24,69.82,1,1,0,0,0
47,80.46,2,3,0,1,0
60,54.14,0,1,1,0,0
64,62.91,1,3,0,1,1
14,82.43,1,1,0,0,0
29,71.46,3,2,1,0,1
27,51.76,2,1,1,0,1
43,84.52,1,4,1,1,1
61,70.59,0,3,0,1,0
70,102.11,0,2,1,0,0
43,43.21,0,3,1,0,0
3,101.92,0,4,1,0,1
45,81.97,1,4,0,0,0
35,61.6,3,3,1,0,0
4,63.28,1,3,0,0,0
37,74.35,1,3,0,0,0
5,91.77,2,3,1,1,1
71,85.81,0,1,1,0,0
16,109.51,1,3,1,0,1
39,59.53,1,4,0,0,0
43,88.77,1,2,0,0,0
37,76.2,1,3,0,0,0
17,115.32,3,2,0,0,1
55,78.04,1,2,1,0,0
46,39.97,1,1,0,0,0
30,66.98,0,1,0,0,0
31,75.32,1,2,1,0,0
19,77.7,0,3,1,0,0
6,86.16,1,2,1,0,1
66,94.62,0,2,1,1,1
35,87.1,4,2,1,0,1
68,72.33,1,3,1,0,0
27,102.84,0,4,1,1,0
45,59.95,1,1,1,0,0
55,93.66,3,1,1,0,0
27,46.63,0,3,0,0,1
32,59.53,1,2,1,0,0
22,63.69,3,3,1,1,1
26,53.54,1,4,1,0,0
64,104.18,0,2,1,0,0
41,46.76,0,4,0,0,0
27,81.09,0,4,0,0,0
44,91.1,3,1,1,0,1
71,135.4,2,1,0,0,1
22,47.27,2,1,1,1,0
61,73.23,0,2,1,0,0
16,82.87,1,3,0,0,0
9,40.3,0,2,1,0,0
20,53.83,1,3,0,0,0
23,76.34,0,1,0,0,0
55,91.66,0,3,1,0,0
70,76.95,3,1,0,0,0
21,71.14,1,1,1,0,0
29,73.44,1,4,0,1,0
46,60.7,2,1,0,0,0
59,105.68,0,4,1,0,0
19,53.57,2,4,0,0,0
36,75.64,1,2,1,0,0
51,112.08,0,3,0,0,0
52,55.48,1,3,1,1,0
45,78.97,1,4,1,0,0
36,108.98,1,2,0,1,0
41,62.54,0,2,1,0,0
12,76.11,1,1,1,0,0
29,27.96,1,3,1,0,0
12,57.64,1,1,0,0,0
29,90.76,3,4,0,1,0
28,43.81,1,1,1,0,0
36,63.6,0,4,0,0,0
63,52.15,0,3,1,0,0
48,48.51,1,3,0,0,0
65,96.19,0,3,1,1,0
7,79.69,2,2,1,1,1
29,103.62,1,1,1,0,1
2,87.64,1,1,1,0,1
69,78.94,3,4,1,0,0
38,98.1,1,2,1,1,1
36,65.91,0,1,1,0,1
39,71.21,0,3,1,0,0
56,90.08,1,3,1,0,0
19,86.0,2,4,1,0,0
39,70.04,0,4,1,0,0
37,66.67,1,2,1,1,1
41,15.17,4,2,1,0,0
12,60.45,1,3,0,0,1
23,41.37,0,2,1,0,0
18,113.87,1,1,1,0,1
37,98.64,2,3,0,0,1
3,66.06,1,3,1,0,1
43,64.14,2,3,1,1,1
52,46.13,3,2,1,0,0
67,74.72,3,3,0,0,0
55,74.87,0,4,1,0,0
6,115.1,1,1,0,0,1
4,105.3,3,3,0,1,1
52,106.74,1,1,1,0,1
47,59.26,1,2,0,0,0
40,75.44,3,2,1,0,0
69,72.02,1,3,1,0,0
68,75.3,0,4,0,0,0
55,74.26,0,1,1,0,0
38,71.39,1,1,1,1,1
34,72.17,3,1,1,1,1
8,93.86,2,4,1,0,0
9,68.02,1,1,1,0,1
38,75.51,0,1,1,0,1
34,90.88,1,2,0,0,0
27,81.57,1,3,1,1,0
8,85.71,2,2,1,0,1
43,47.99,0,2,0,0,0
8,60.3,0,2,0,1,0
58,85.86,0,1,1,1,0
54,64.65,2,4,1,0,0
59,103.35,1,4,0,0,0
54,70.24,1,2,1,0,0
38,49.98,1,4,1,0,0
41,75.48,2,2,1,1,0
16,82.8,2,2,0,0,1
3,100.44,5,1,1,0,1
56,92.23,1,2,0,0,0
40,73.33,0,3,0,0,0
19,105.81,1,4,0,0,0
2,70.68,0,1,1,0,0
68,62.25,0,1,0,1,0
65,81.14,3,3,1,0,0
17,60.02,0,2,0,0,0
48,98.97,2,4,1,0,0
66,83.69,1,2,1,1,1
33,93.72,3,4,1,0,0
5,44.38,1,3,0,0,0
59,108.41,2,3,1,0,0
61,94.24,1,1,1,0,0
58,82.2,0,2,1,0,0
68,84.16,1,3,0,0,0
52,84.23,0,4,0,0,0
5,79.71,2,2,1,0,1
60,97.38,2,4,1,1,0
24,78.89,0,1,0,1,0
44,80.91,1,4,1,1,0
23,108.56,2,2,0,1,0
29,79.83,3,2,0,0,0
19,90.05,0,4,1,0,0
52,71.83,4,1,0,0,1
68,97.72,1,1,1,0,0
48,60.12,1,1,0,1,0
15,74.74,1,3,1,0,0
25,48.67,2,2,1,0,0
47,110.99,1,2,0,1,1
67,51.09,0,3,0,0,0
71,72.53,0,2,0,0,0
6,105.61,1,2,0,0,1
8,79.66,0,4,1,0,0
68,78.07,1,2,1,1,0
39,113.06,4,4,0,0,1
40,88.18,3,3,0,1,1
66,61.78,0,2,0,0,0
5,89.31,0,1,0,0,0
24,56.16,0,3,1,0,0
15,59.21,1,4,0,1,0
56,68.26,1,3,1,1,0
17,60.65,1,1,0,0,0
60,73.44,0,3,1,0,0
51,73.28,2,4,1,0,0
34,98.9,3,4,1,1,1
64,78.86,0,2,1,0,0
64,81.06,1,3,0,0,0
67,107.16,1,1,1,0,1
37,100.78,0,4,1,0,0
43,58.25,0,3,1,0,0
26,97.35,2,3,1,0,1
49,68.54,1,1,1,1,1
54,78.55,0,4,0,0,0
57,65.16,1,2,1,0,0
33,78.32,1,4,1,0,0
15,83.18,1,3,1,0,1
41,56.34,0,1,0,0,0
22,85.52,1,3,1,0,0
32,72.31,2,2,1,0,0
21,77.64,2,2,1,0,1
57,66.25,2,1,0,0,0
54,60.45,4,4,1,0,0
71,79.61,2,1,0,0,0
60,76.92,0,2,0,0,0
21,84.27,1,1,1,1,0
51,97.11,4,4,1,1,1
59,76.62,2,1,0,0,1
51,98.45,0,4,0,0,0
52,81.25,0,3,0,0,0
10,52.0,0,4,0,1,0
65,97.37,1,3,0,0,0
56,68.98,1,4,0,1,0
41,117.93,0,4,1,0,0
13,92.52,0,4,1,0,0
3,78.4,1,2,1,0,1
57,39.06,0,1,1,1,0
68,106.54,1,4,1,0,0
17,95.42,1,3,0,0,0
22,87.31,1,3,1,0,0
64,111.53,2,4,0,1,1
41,65.03,2,3,0,0,1
8,84.78,0,3,1,0,0
52,83.43,3,2,0,0,0
29,68.93,0,4,1,0,0
39,95.62,1,2,0,1,0
25,69.24,1,3,1,1,0
11,53.79,2,1,0,0,0
35,67.29,2,4,0,1,0
8,79.43,3,4,1,0,1
70,83.9,1,3,0,0,0
65,82.41,4,2,1,0,0
55,65.08,0,3,0,0,0
6,83.98,2,1,1,0,1
46,80.06,3,2,0,0,0
11,78.29,1,4,1,1,1
67,67.06,1,2,1,0,0
49,95.94,0,3,0,0,0
5,85.93,1,2,1,0,1
57,92.99,2,1,1,0,0
43,58.85,2,4,1,0,0
6,39.13,1,4,0,0,0
7,71.19,0,4,1,0,0
26,74.1,5,3,1,0,1
38,64.11,2,3,1,0,0
68,87.53,1,3,0,1,1
17,54.73,1,1,0,1,1
43,71.98,2,1,1,0,0
55,92.57,1,3,0,0,0
35,86.23,0,2,0,0,0
21,109.15,2,1,0,0,0
56,125.31,2,1,0,0,0
45,52.14,0,2,1,0,0
3,107.63,0,4,0,0,0
45,100.14,0,1,1,0,0
17,60.85,3,2,1,0,0
11,42.59,1,1,1,1,1
16,96.76,0,4,0,0,0
20,20.99,0,4,1,0,0
22,95.8,2,2,1,0,1
48,131.03,3,1,0,0,1
30,104.86,2,3,1,1,0
11,25.5,2,1,1,0,1
10,89.94,1,3,0,0,0
62,56.39,0,4,1,1,0
49,72.6,0,3,1,0,0
24,81.34,0,2,0,1,0
29,76.98,3,2,0,0,0
20,59.21,2,1,0,0,1
18,42.3,2,4,1,1,0
23,66.01,2,2,1,0,1
21,73.18,0,4,1,0,0
34,48.92,2,4,1,0,0
28,107.52,5,3,1,0,1
9,101.21,1,2,1,0,1
39,97.95,3,3,0,0,1
45,69.61,2,2,1,0,1
45,45.62,2,3,1,1,0
55,105.6,2,1,0,1,1
19,72.7,3,1,1,0,1
8,97.85,1,3,0,0,0
61,55.03,0,2,1,0,0
27,100.15,5,1,1,0,1
38,37.07,2,3,1,0,0
14,102.51,1,2,0,1,1
23,108.69,0,2,1,0,1
39,91.72,0,3,1,0,0
6,60.45,0,3,1,0,0
52,71.16,1,4,1,0,0
33,94.95,1,4,1,0,0
5,98.9,1,3,0,1,0
48,90.31,0,1,1,0,0
71,74.75,1,3,1,0,0
20,101.46,1,1,0,0,0
12,73.13,3,1,1,0,1
51,38.95,1,1,1,1,0
66,54.04,1,3,0,1,0
54,57.75,2,1,1,0,0
7,92.15,1,2,1,0,1
68,72.34,2,2,1,0,0
37,85.15,2,3,1,0,0
41,95.19,0,1,1,0,0
6,71.53,0,3,0,1,0
58,64.72,1,3,1,0,0
6,93.54,0,3,1,0,1
40,67.58,0,3,0,0,0
9,110.19,2,4,0,0,0
6,76.17,0,2,1,1,1
29,112.31,2,4,0,0,0
27,96.13,3,1,1,0,1
31,85.23,1,1,0,1,0
49,91.6,2,4,1,0,0
37,67.76,0,4,1,1,0
43,103.06,0,4,0,0,0
48,93.74,0,4,0,0,0
45,27.66,3,4,1,0,0
45,100.93,2,4,0,0,0
29,108.19,2,2,0,1,0
8,84.74,0,2,1,0,1
44,99.51,0,3,0,0,0
49,114.73,1,3,0,0,1
65,112.79,2,3,0,0,0
17,111.09,0,4,0,0,0
45,115.8,1,3,1,0,1
6,87.84,1,3,1,0,1
60,87.67,3,4,1,0,0
29,45.57,3,2,0,1,0
41,56.73,1,4,1,0,0
19,73.73,0,1,1,1,1
44,80.49,0,2,0,0,0
23,99.94,0,3,0,0,0
6,86.57,0,4,0,1,0
51,51.12,0,1,1,0,0
44,61.63,0,3,0,0,0
65,101.43,2,3,1,0,0
71,106.52,0,2,1,0,0
17,58.45,0,3,1,0,0
19,62.47,2,2,1,0,1
48,93.75,3,2,1,0,1
39,95.03,2,2,1,0,0
4,82.16,1,4,1,0,0
10,100.75,3,1,0,0,1
54,35.31,0,2,1,0,0
6,62.45,0,3,0,1,0
15,79.03,1,1,1,0,1
17,61.58,1,3,1,0,1
27,58.8,0,4,1,0,0
11,60.27,2,4,0,0,0
65,55.59,1,4,1,0,0
43,51.46,0,1,1,1,1
41,91.16,1,4,0,0,0
5,76.84,2,3,0,0,0
20,58.14,0,2,0,0,0
65,54.27,2,1,1,1,0
48,75.36,2,2,0,0,0
37,101.03,2,2,1,1,1
63,49.94,2,1,1,0,0
5,69.23,2,4,0,0,0
71,86.36,1,4,0,0,0
26,92.25,1,3,0,0,0
12,42.81,0,2,1,0,0
56,34.43,3,1,0,0,0
64,82.15,2,2,1,0,0
65,63.75,1,1,1,0,0
31,76.8,0,2,1,0,0
40,71.76,2,2,0,0,0
56,90.18,3,4,1,0,0
27,48.93,1,1,1,0,0
53,79.02,0,3,0,0,0
20,99.72,1,1,0,0,1
22,128.08,0,4,1,1,1
28,89.6,1,1,0,1,0
20,111.07,3,4,1,0,1
28,101.65,3,4,0,0,0
46,102.14,1,4,0,0,0
57,67.48,1,3,1,0,0
6,63.92,4,2,1,0,1
35,93.61,1,2,0,0,0
33,70.99,0,3,1,0,1
62,69.93,0,3,1,1,0
70,78.74,3,3,0,1,0
14,89.84,1,3,1,0,1
1,64.09,3,2,1,1,1
23,52.27,0,4,0,0,0
50,88.53,1,4,1,0,0
8,50.97,2,3,1,0,1
63,75.38,0,1,1,0,0
38,101.6,1,3,0,1,0
17,51.09,1,3,0,0,0
4,51.94,1,3,0,0,0
52,60.19,4,4,1,0,0
29,66.34,4,1,1,0,1
30,62.56,2,2,1,0,0
67,81.74,1,1,1,0,0
14,102.19,3,1,0,0,1
56,57.29,1,3,1,0,0
55,106.84,2,1,1,0,1
38,45.34,0,2,0,0,0
2,82.18,0,2,1,0,0
28,65.84,1,3,0,0,0
34,63.42,0,1,0,0,0
60,83.62,4,1,0,0,0
65,37.43,0,3,1,0,0
69,118.37,2,1,1,0,0
16,98.63,3,4,1,0,1
65,96.51,1,2,1,0,0
9,65.51,1,2,0,0,1
23,84.35,0,3,0,1,1
54,81.6,2,2,1,0,0
29,91.33,3,1,0,1,0
54,38.99,0,2,0,1,0
33,84.86,2,2,1,0,0
35,72.83,0,2,1,1,0
36,62.67,2,1,1,0,0
25,114.82,0,1,1,0,1
2,107.81,1,3,0,1,1
16,85.67,3,4,0,0,0
20,80.12,1,1,0,1,0
11,70.24,2,2,0,1,0
36,70.19,3,4,1,0,0
2,97.82,0,4,1,1,1
1,92.46,3,4,0,0,0
68,87.21,0,2,1,0,0
9,111.83,3,1,0,1,1
6,95.91,0,2,1,0,1
39,97.65,1,2,0,0,0
50,92.53,2,3,0,0,0
20,69.88,0,4,1,0,0
35,64.55,3,2,0,0,1
34,85.61,1,3,1,0,0
38,30.19,2,2,0,1,0
64,65.08,1,2,0,0,0
15,78.38,2,1,1,0,1
59,96.62,0,4,1,1,1
53,24.56,2,2,0,0,0
40,104.46,0,3,1,0,0
1,65.59,3,1,1,0,1
5,90.79,3,4,0,0,0
54,115.18,1,3,1,0,0
24,62.41,0,4,0,0,0
46,71.92,0,3,1,0,0
11,54.23,3,1,1,1,1
24,74.8,0,1,0,0,0
65,76.84,0,4,1,0,0
34,40.09,2,3,1,0,0
60,50.8,0,3,1,0,0
35,66.49,0,3,1,0,0
23,87.65,0,3,0,0,0
34,136.14,4,2,0,1,1
4,98.91,2,3,0,1,1
70,89.26,0,4,1,1,0
47,48.68,1,1,1,0,1
48,65.53,0,1,1,1,0
34,101.1,1,4,1,0,1
12,63.58,0,1,1,1,1
31,98.89,1,3,1,0,0
71,60.74,0,4,0,0,0
58,68.99,3,1,1,0,1
51,89.66,1,3,1,1,0
15,61.61,1,4,1,0,0
21,57.66,1,4,1,0,0
47,82.63,1,1,1,1,1
24,78.77,0,3,0,0,0
55,48.91,1,1,1,0,0
16,59.26,0,4,1,0,0
53,80.89,2,2,0,0,0
43,44.58,0,3,1,1,1
25,87.26,1,1,0,1,0
61,68.28,0,1,0,0,0
6,48.42,1,3,1,0,0
64,84.69,1,1,0,0,0
50,94.51,2,4,0,0,1
33,71.42,1,2,1,1,0
55,57.63,1,3,1,0,0
11,85.42,2,1,0,0,0
43,78.98,0,4,0,0,0
48,71.27,2,1,1,1,1
4,74.09,1,2,1,0,1
32,48.94,1,2,0,1,0
33,81.84,0,3,1,0,1
40,99.28,1,3,1,0,1
42,70.45,2,4,1,0,1
58,75.96,1,4,1,0,1
38,86.75,0,1,1,0,0
54,89.79,2,1,1,0,0
31,104.98,0,3,1,0,0
1,96.29,0,3,0,1,0
26,57.57,0,3,1,0,0
11,119.16,2,1,1,0,1
61,61.22,1,2,0,0,0
24,68.03,3,4,1,0,1
30,96.76,0,3,1,0,0
9,85.0,2,1,1,1,1
58,76.15,1,3,1,0,0
35,33.45,1,4,0,0,0
3,86.86,1,4,1,1,1
11,99.64,0,1,0,0,1
24,61.75,0,1,0,0,0
32,99.83,0,3,1,1,0
59,74.49,4,4,0,0,0
57,74.44,1,1,0,0,0
23,51.07,2,2,1,0,1
59,65.02,2,1,0,1,0
59,89.57,1,4,0,0,0
59,77.45,3,4,1,0,0
15,94.36,0,2,1,0,0
25,81.89,2,3,1,0,0
2,54.55,0,4,0,0,0
53,91.34,0,3,1,1,1
10,70.1,0,3,1,0,0
6,81.41,2,4,1,0,1
31,58.23,2,4,1,1,0
58,77.99,0,4,1,0,0
59,48.95,1,1,0,0,0
68,87.83,5,2,1,0,1
46,85.88,1,3,1,0,0
71,75.25,1,4,1,0,0
2,75.67,0,2,1,0,1
9,73.14,2,3,1,0,1
25,75.42,1,3,1,0,0
1,86.03,1,1,0,0,0
24,95.41,1,1,1,1,1
53,89.85,1,4,1,0,0
64,70.52,1,2,0,0,0
68,94.14,1,3,0,0,0
57,100.89,2,4,1,1,0
40,73.5,2,4,1,0,0
39,53.78,3,2,1,0,1
56,46.65,2,1,0,0,0
5,48.31,0,4,1,1,0
40,89.53,2,3,1,0,0
41,87.05,1,1,1,0,1
39,73.96,1,1,1,0,1
27,85.65,1,3,1,0,0
51,95.6,1,3,1,0,0
45,72.06,2,4,0,0,0
9,89.44,0,4,0,1,0
19,83.33,1,3,0,0,0
31,48.48,2,2,0,0,0
43,78.32,3,4,0,1,0
38,96.37,2,2,1,0,1
48,76.41,0,4,1,0,0
58,53.62,0,4,1,0,0
48,95.55,0,2,1,0,0
51,100.03,1,2,1,1,1
71,62.41,2,1,1,0,0
4,90.77,0,4,1,0,1
33,100.55,0,1,0,0,0
5,76.74,2,3,1,0,0
52,78.08,0,3,1,0,0
16,67.7,0,2,1,0,1
19,81.31,1,1,1,0,0
49,87.47,3,3,0,0,0
63,70.27,0,3,1,0,0
14,53.94,1,3,1,0,0
20,70.07,0,3,0,0,0
11,93.02,1,4,1,1,1
20,94.04,1,3,0,1,0
21,105.32,1,4,1,1,0
64,67.9,3,3,0,0,0
36,100.19,1,1,1,0,1
14,58.82,1,2,0,0,1
21,50.5,1,2,1,0,0
31,105.15,2,1,1,0,1
14,70.8,1,3,1,0,1
37,79.46,3,3,1,0,0
41,95.57,1,1,0,0,0
25,53.71,0,3,1,0,0
44,65.11,1,3,0,0,0
27,87.55,0,4,0,0,0
44,61.19,3,4,0,0,0
11,73.13,1,3,1,0,0
19,101.11,0,1,1,1,0
16,72.1,0,2,1,0,0
57,120.0,2,2,1,0,1
65,116.35,2,2,0,0,0
34,44.94,0,1,1,1,0
47,28.52,1,3,0,0,0
53,76.91,2,1,0,0,0
23,106.17,3,1,1,0,1
42,57.98,1,3,1,1,0
40,39.5,1,3,1,0,1
5,77.94,0,2,0,0,1
48,56.33,1,3,1,0,1
43,76.27,0,3,0,1,0
56,32.86,1,3,1,1,0
53,113.52,0,3,1,0,0
8,62.93,2,3,1,0,1
2,67.3,2,4,1,0,1
58,60.94,1,4,0,1,0
6,95.08,0,2,0,0,1
35,68.57,1,1,0,0,0
64,81.98,2,2,1,0,0
64,59.87,0,4,1,0,0
28,87.07,1,4,1,0,0
68,80.41,1,3,1,0,0
66,66.67,0,4,1,1,0
70,56.18,3,3,0,1,0
38,70.83,1,1,0,0,0
5,91.7,2,4,1,0,1
38,99.93,0,2,1,1,1
42,77.9,1,4,1,0,0
30,76.37,1,3,1,0,1
26,95.56,1,1,1,0,1
34,91.57,1,4,1,0,0
69,51.59,1,1,1,0,0
46,69.27,2,3,1,0,0
62,27.58,3,4,0,0,0
66,80.08,1,3,1,1,0
57,64.43,1,1,1,0,0
2,120.34,1,4,1,1,0
12,86.87,0,4,1,0,1
42,64.77,2,2,1,1,1
31,32.71,2,3,0,0,0
25,61.3,3,4,1,1,0
36,81.05,3,4,1,1,0
43,108.86,1,2,1,0,0
15,68.91,1,1,1,0,1
59,67.57,1,4,1,0,0
43,86.37,1,2,0,0,0
10,60.27,0,4,1,0,1
59,61.6,1,2,0,1,0
24,85.28,0,3,0,0,0
62,99.62,1,1,1,0,0
50,63.42,1,1,1,1,1
32,35.27,1,1,0,1,0
29,53.71,5,1,1,0,1
58,59.13,0,3,0,0,0
14,70.62,1,4,1,0,0
52,82.26,0,1,0,1,0
31,64.44,2,2,0,0,0
13,104.36,3,3,0,0,1
66,68.15,1,4,1,0,0
15,64.67,3,1,1,1,1
56,60.97,2,4,0,0,0
17,67.59,1,4,1,0,0
1,78.07,0,1,1,0,1
40,87.12,1,4,0,1,0
61,101.62,1,1,0,1,1
23,103.25,0,1,1,0,0
3,49.89,0,2,0,0,0
62,81.2,1,4,1,1,1
4,39.0,3,3,0,0,0
39,91.54,2,2,1,0,0
28,89.71,4,1,0,0,1
38,59.13,0,2,0,0,0
68,92.26,1,3,0,0,0
43,59.19,1,4,0,0,0
62,62.71,2,2,1,1,1
29,84.69,2,1,1,0,1
10,75.71,1,4,0,0,1
47,64.62,1,4,1,0,0
1,78.93,6,1,0,0,1
38,66.59,1,3,0,0,0
8,59.64,2,2,0,0,0
19,56.6,5,2,1,0,1
65,104.44,2,2,1,0,0
35,75.12,3,4,1,1,1
45,62.66,1,4,0,0,0
62,78.23,0,3,0,0,0
56,97.42,2,2,1,0,0
40,86.2,1,2,1,0,1
29,87.79,0,3,1,0,0
19,36.33,2,2,1,0,1
5,76.86,1,1,1,0,0
12,85.11,1,2,1,0,0
4,29.68,1,3,1,1,0
67,83.69,1,2,0,0,0
41,91.17,0,1,1,0,0
58,75.04,1,4,1,1,0
70,76.12,1,3,1,0,0
39,74.62,1,2,1,0,0
13,118.36,0,2,0,0,1
20,87.49,1,4,1,0,1
61,64.98,1,2,0,0,0
39,47.97,1,3,0,1,0
33,82.75,2,1,0,0,0
54,54.8,0,4,0,0,0
40,74.59,1,3,1,0,0
71,46.92,1,3,1,0,0
56,85.61,3,3,1,0,0
7,56.21,0,2,0,0,0
9,67.31,1,2,1,0,1
4,100.28,2,2,1,0,1
11,65.74,2,2,1,0,1
20,55.64,0,4,1,0,0
64,62.69,3,1,1,0,0
13,60.56,1,4,1,0,0
33,99.72,1,3,1,1,0
8,94.66,1,1,1,0,1
7,68.39,0,3,1,1,0
4,102.29,1,1,1,1,1
65,109.42,0,1,1,0,0
69,71.27,1,4,1,1,0
43,64.16,1,2,1,1,1
13,62.92,2,2,1,1,1
44,56.77,1,3,1,0,0
59,36.93,0,1,1,0,0
45,87.2,1,1,1,1,1
19,100.91,4,3,0,0,1
59,51.51,0,1,1,0,0
14,89.12,1,4,1,0,0
24,84.9,1,4,1,1,0
24,87.78,1,3,1,0,0
63,75.79,3,4,1,0,0
70,71.36,0,4,1,0,0
7,37.86,3,1,0,1,1
49,50.34,3,4,0,1,0
66,86.73,0,4,0,1,0
2,72.07,2,2,0,1,1
71,94.24,1,3,0,1,0
29,86.52,1,4,1,1,0
7,71.69,2,4,1,0,1
46,59.13,1,2,1,0,0
71,92.02,0,2,1,0,0
60,70.45,0,3,0,1,0
67,87.99,0,2,0,1,0
27,112.98,0,3,0,0,0
59,108.85,3,4,1,0,0
47,46.67,0,3,1,0,0
28,95.28,2,4,0,0,0
35,75.26,2,3,0,0,0
20,17.01,2,3,1,0,0
55,79.11,0,1,0,0,0
8,44.74,1,1,1,0,1
42,63.75,0,2,1,1,0
60,51.26,0,4,1,0,0
28,98.13,3,1,1,0,0
16,94.16,2,3,1,0,1
26,64.26,1,1,0,1,0
18,74.78,1,4,1,1,0
3,87.87,1,4,1,0,1
62,78.73,0,4,1,0,0
33,89.41,0,4,0,0,0
64,76.38,0,4,1,0,0
66,95.12,1,3,1,1,0
14,58.04,2,1,0,0,0
54,38.62,1,3,1,1,0
52,88.05,1,1,1,1,1
60,121.29,2,3,1,0,0
71,72.27,0,3,1,0,0
56,58.27,0,3,1,0,0
70,65.45,1,1,0,0,0
62,82.12,1,3,1,0,0
54,83.43,0,3,0,0,0
22,75.86,0,1,0,0,0
16,89.54,1,3,1,0,0
44,58.37,2,1,1,0,0
19,67.88,2,2,0,0,0
68,101.62,1,2,1,0,0
14,55.68,1,3,1,0,0
50,58.79,0,2,1,0,0
55,76.52,0,3,0,0,0
12,69.82,0,2,1,0,0
57,81.17,0,1,1,1,1
14,83.1,2,4,0,0,0
3,66.4,1,2,1,0,0
40,51.78,1,1,1,0,0
35,61.94,3,4,1,0,0
26,57.42,2,3,1,0,1
8,105.01,1,2,0,0,1
43,32.13,2,1,1,0,0
71,64.29,0,3,1,0,0
56,77.24,2,4,1,0,0
58,78.33,2,1,1,0,0
20,31.55,2,1,1,1,0
49,65.73,2,3,1,1,1
8,68.83,0,1,1,1,1
28,45.69,0,2,1,0,0
38,103.76,2,2,1,0,1
27,71.53,0,3,0,1,0
69,134.65,3,1,1,1,1
27,62.01,1,2,1,0,0
22,45.98,1,4,0,0,0
50,100.94,1,1,1,0,0
7,69.22,2,3,1,0,1
32,57.42,2,4,0,1,1
58,83.21,0,4,0,0,0
62,77.2,1,1,0,0,0
17,72.18,1,3,1,0,0
30,78.71,2,3,1,0,0
62,56.2,1,3,1,1,0
41,72.18,3,3,0,1,1
56,81.8,0,3,1,0,0
32,81.73,0,3,0,0,0
41,105.02,0,3,1,0,0
13,93.58,2,3,0,0,1
17,77.39,2,4,0,1,0
15,49.39,1,1,0,0,0
46,79.67,0,1,0,0,0
2,61.23,3,2,1,0,1
14,90.34,0,3,1,0,0
21,65.63,3,1,1,0,1
18,44.12,2,4,1,0,0
28,38.68,2,2,1,0,1
38,47.1,0,2,1,1,0
49,49.67,1,1,0,0,0
2,96.63,1,2,0,1,1
57,114.65,1,4,1,1,0
42,59.48,1,1,1,0,0
16,95.79,1,2,1,1,1
46,86.25,0,3,0,0,0
6,79.75,1,2,1,0,0
22,73.45,2,1,1,0,1
38,85.25,0,4,0,0,0
3,72.64,0,3,1,0,1
56,65.75,1,4,0,0,0
40,88.82,1,2,1,0,0
35,68.25,1,4,1,0,0
16,86.6,1,3,1,0,1
34,93.44,1,3,1,0,1
13,74.77,2,1,0,0,1
28,134.72,2,1,1,1,1
58,69.44,1,2,1,1,0
21,72.89,3,3,0,0,0
50,74.91,3,4,1,0,0
7,82.17,1,4,0,0,0
68,89.3,2,4,0,0,0
52,96.1,1,1,1,0,0
70,70.87,0,1,0,0,0
4,102.22,2,4,0,0,1
2,76.99,1,4,1,0,0
33,74.28,1,1,0,0,0
67,85.96,1,2,1,0,1
21,61.8,3,1,1,0,1
4,69.27,0,4,0,0,0
20,56.72,1,2,1,0,0
31,73.8,3,2,0,0,0
60,83.34,1,3,0,1,0
46,72.0,1,2,1,0,0
9,104.41,1,2,1,1,1
10,61.3,1,2,0,0,0
15,69.3,2,2,0,1,0
63,48.52,1,2,1,0,0
44,95.04,1,2,1,0,0
43,116.33,1,1,1,0,0
67,112.13,0,4,0,0,0
48,59.59,0,2,1,0,0
59,78.02,2,2,1,0,0
45,87.02,1,2,1,0,0
62,36.29,2,2,1,0,0
67,61.71,1,1,0,0,0
62,78.66,1,4,1,0,0
32,91.24,1,4,1,0,1
5,72.21,1,2,1,0,1
11,79.43,0,4,1,0,0
1,90.49,1,1,0,1,1
19,108.15,3,1,1,0,1
2,82.59,1,2,0,1,1
64,95.04,1,2,0,0,0
6,57.06,0,4,1,0,0
39,99.84,3,2,1,0,1
11,58.26,2,2,1,1,0
36,25.24,4,2,0,0,0
68,109.01,2,1,0,0,0
69,46.53,1,2,1,0,0
70,81.73,1,1,1,0,0
49,65.69,0,2,1,1,0
44,86.06,2,1,1,0,1
5,83.78,3,1,1,0,1
44,97.63,1,2,1,0,1
1,92.94,2,2,1,1,1
65,77.73,0,1,1,1,1
48,95.8,0,3,0,0,0
8,108.24,2,1,1,0,1
45,61.34,1,2,1,0,0
22,99.59,1,2,1,1,0
64,67.58,0,3,0,0,0
42,71.96,2,2,1,1,0
29,91.29,2,4,0,0,0
23,49.05,1,4,0,0,0
59,101.0,0,1,0,1,0
12,64.54,0,3,0,0,0
38,92.91,3,3,0,0,0
14,118.34,1,3,1,0,1
13,102.82,2,3,1,0,1
45,78.76,1,4,0,0,0
57,52.55,0,2,1,0,0
51,74.3,1,2,1,0,1
18,68.21,1,4,0,0,0
46,51.73,2,2,1,0,0
24,91.84,2,3,1,1,1
8,62.39,1,1,0,0,0
36,85.08,1,4,1,0,0
16,66.92,1,3,1,0,1
23,116.93,0,3,0,0,0
51,77.48,2,1,1,1,1
5,79.36,2,1,1,0,1
57,45.25,1,2,0,0,0
31,68.59,0,3,1,0,0
54,125.87,0,1,0,1,0
50,70.92,0,3,1,1,1
1,80.7,2,4,1,0,1
24,48.52,1,2,1,0,0
64,75.65,0,2,0,1,0
34,45.82,1,3,1,0,0
61,61.35,2,4,1,0,0
47,90.94,3,4,1,0,1
28,82.71,1,1,1,1,0
2,122.42,1,1,1,1,1
17,64.71,1,2,1,0,0
38,71.16,1,3,1,0,0
29,65.38,1,3,1,0,0
54,63.92,0,1,0,0,0
27,72.79,0,2,1,0,0
8,73.2,1,3,1,0,1
23,77.84,0,3,1,0,0
15,92.32,1,3,1,1,0
37,76.35,1,3,1,0,0
38,79.23,0,1,1,0,0
46,29.52,5,3,1,0,0
61,104.38,2,2,1,0,0
22,60.27,3,2,1,0,0
35,65.92,2,4,1,0,0
17,74.86,2,4,1,1,0
54,92.48,0,2,1,1,1
23,68.26,0,1,1,0,0
50,78.66,2,4,1,0,0
18,104.72,1,3,1,0,1
7,99.73,1,3,1,0,1
14,47.57,0,2,1,0,0
48,70.22,2,3,0,0,0
43,85.08,2,1,1,0,1
63,100.79,3,4,1,0,1
58,52.94,2,3,0,0,0
62,86.13,2,2,1,0,0
69,63.21,1,4,1,0,0
20,95.29,2,2,0,1,1
29,59.41,0,2,0,0,0
1,74.06,4,4,1,1,1
48,68.24,0,1,0,0,0
70,61.93,1,4,1,0,0
55,74.42,0,2,1,0,0
22,52.9,1,1,1,0,0
25,76.34,0,2,1,0,0
1,73.14,0,3,1,1,0
30,81.75,0,3,1,1,1
71,133.8,0,3,0,0,0
29,80.85,0,4,0,0,0
5,98.0,1,1,1,0,1
21,73.45,1,4,0,0,0
55,96.38,0,1,1,0,0
52,73.16,1,4,1,0,0
16,62.03,1,3,0,0,0
47,90.62,2,4,1,1,1
65,37.23,0,2,0,0,0
61,43.58,1,2,1,0,0
62,83.74,3,1,0,0,0
68,71.21,1,2,0,1,0
25,65.68,0,3,1,0,0
61,68.76,3,4,1,0,0
19,65.72,0,3,1,0,0
8,96.69,2,3,1,0,1
17,48.53,1,3,1,0,0
7,50.83,1,4,1,1,0
67,88.25,1,1,1,0,0
68,124.13,2,4,1,0,1
23,61.6,0,1,1,1,0
70,85.81,1,1,1,1,1
10,70.63,0,1,1,1,1
3,80.22,1,4,1,0,0
41,101.43,0,2,0,1,0
60,73.89,1,2,0,0,0
69,72.92,0,4,1,1,0
70,55.76,0,2,0,1,0
38,78.24,1,1,1,0,1
29,90.25,1,2,0,0,0
67,60.01,3,4,1,1,0
68,113.85,2,1,0,0,0
34,95.36,1,4,1,0,0
69,65.29,0,4,1,0,0
1,78.32,0,1,1,0,1
50,95.91,1,4,0,0,0
9,77.46,1,4,1,1,0
39,72.55,2,3,1,0,1
10,101.03,1,4,0,0,1
49,114.02,1,4,0,0,0
16,54.84,2,1,1,1,0
65,93.3,2,1,0,0,0
1,76.92,3,3,0,0,0
65,109.22,1,1,0,0,0
33,66.05,0,4,0,1,0
55,60.41,3,4,0,0,0
59,83.62,2,2,0,0,0
16,88.88,0,2,1,0,1
40,110.41,1,4,1,1,0
57,68.4,1,2,0,0,0
49,79.65,0,2,0,1,0
52,74.58,2,2,1,0,0
41,83.2,1,3,1,0,0
37,72.73,0,2,0,0,0
65,93.03,0,1,1,0,0
9,88.59,2,1,1,0,1
55,72.77,1,4,1,0,0
20,56.82,0,2,1,0,0
42,64.13,1,3,1,1,1
23,86.63,2,4,1,0,1
14,85.48,3,4,1,0,1
69,63.66,0,1,0,0,0
60,69.71,0,3,1,1,0
32,44.7,0,4,0,0,0
68,88.39,3,4,0,0,0
30,70.38,2,2,0,0,0
36,109.36,2,3,1,0,1
59,96.27,1,2,1,0,0
14,70.59,1,2,1,1,0
24,46.96,3,3,1,0,1
17,49.82,4,3,1,1,1
67,40.74,0,4,0,0,0
1,91.76,3,1,0,0,1
25,33.23,0,1,1,0,0
30,26.35,2,2,1,0,0
54,78.24,1,1,0,0,0
56,76.99,0,4,0,0,0
31,89.64,3,3,1,1,1
61,89.71,2,1,1,0,1
55,89.46,0,3,1,0,0
18,115.61,2,1,1,0,1
29,90.74,1,2,1,1,1
30,51.65,1,1,0,1,1
66,68.53,2,3,1,1,0
49,91.71,1,2,1,0,0
45,84.92,2,1,1,0,1
17,101.15,1,4,1,0,0
71,82.02,2,4,1,0,0
59,109.44,1,2,0,0,0
61,47.32,2,2,1,1,1
1,71.03,0,2,1,0,1
49,36.13,0,2,1,0,0
11,94.96,1,4,0,0,0
5,101.5,1,4,1,0,1
41,71.94,3,3,1,0,0
54,60.53,2,4,1,0,0
4,34.81,0,3,0,0,0
66,88.08,1,1,1,0,0
63,61.51,3,2,1,0,0
65,48.81,0,3,1,0,0
67,76.04,0,4,1,0,0
40,79.09,1,4,1,0,0
45,86.2,1,4,1,0,0
25,83.05,1,1,1,0,0
30,69.45,2,2,1,1,1
48,73.85,3,1,1,1,1
43,89.24,2,3,1,0,1
65,66.0,1,1,1,0,0
24,100.07,0,1,0,0,0
16,108.43,4,2,0,0,1
46,71.1,2,4,0,0,0
22,79.2,2,2,0,1,1
43,33.22,0,4,1,0,0
32,82.59,0,4,1,0,0
18,68.18,5,3,0,0,0
7,79.04,1,1,1,0,1
23,71.09,3,4,0,0,1
41,86.03,0,2,0,0,0
63,88.65,2,3,1,0,0
23,76.73,3,1,1,0,1
50,70.44,0,1,0,1,0
69,63.52,2,1,1,0,0
57,73.13,0,1,1,1,0
71,71.94,1,2,1,0,0
65,60.85,0,3,0,0,0
63,84.29,0,3,0,0,0
9,72.62,3,4,1,0,0
11,82.05,1,3,1,0,1
28,71.69,2,2,1,0,1
12,84.07,0,4,1,1,0
15,61.51,0,3,0,1,0
26,79.89,1,2,0,0,0
69,97.28,0,3,1,0,0
57,78.11,2,4,0,0,0
28,67.54,0,3,1,0,0
53,48.23,0,1,0,0,0
69,93.63,0,4,1,0,0
9,44.08,1,4,1,1,0
11,49.85,3,3,0,1,0
63,88.08,1,1,0,0,0
6,72.41,1,1,0,1,0
46,85.86,1,3,1,0,1
8,66.36,3,4,1,1,0
67,99.25,3,3,1,0,0
39,58.71,0,2,0,0,0
24,64.6,1,3,1,0,0
25,104.09,1,3,1,1,1
21,70.8,1,1,1,0,1
8,89.3,0,3,1,0,1
67,75.4,0,1,0,0,0
46,49.68,0,4,1,0,0
39,71.52,0,2,1,0,0
59,37.12,0,1,0,0,0
7,111.02,1,1,0,0,1
17,86.9,2,2,0,1,1
58,102.67,1,2,1,1,0
61,82.89,3,3,1,0,0
39,75.13,1,3,0,0,0
65,74.21,2,4,1,0,0
21,86.59,0,2,1,0,0
35,86.43,3,4,1,0,1
44,71.19,1,3,1,1,0
63,72.07,0,2,0,0,0
23,63.95,1,2,0,0,0
55,75.32,1,3,1,0,0
47,113.3,1,2,0,1,1
21,72.81,2,1,1,0,1
42,81.68,1,3,1,0,0
2,77.55,1,1,1,0,1
44,75.35,1,4,1,0,0
17,104.48,3,1,1,1,1
56,94.93,0,1,0,0,0
23,69.53,3,3,0,0,0
24,105.37,0,1,1,0,0
70,63.8,3,4,0,1,0
65,94.78,1,1,0,0,0
23,104.85,0,1,1,0,1
8,82.41,1,3,1,0,0
17,99.76,2,2,1,1,1
7,83.25,2,4,1,0,1
29,55.41,0,3,1,1,0
28,111.91,0,2,1,1,1
35,65.13,1,2,0,0,0
23,106.67,1,2,1,0,1
6,130.65,0,1,0,1,1
2,55.77,2,1,0,0,0
1,48.13,1,1,1,0,1
1,62.03,2,1,1,0,1
30,89.79,2,2,0,1,1
13,60.63,2,4,0,0,1
45,44.07,1,3,0,0,0
54,69.91,5,4,0,0,0
34,84.57,2,2,1,0,0
21,73.2,3,4,0,0,0
50,67.39,1,2,1,0,0
31,52.04,1,1,0,0,0
68,65.09,1,2,1,0,0
62,73.4,0,1,0,0,0
61,71.74,0,2,1,0,0
67,76.51,4,4,1,1,0
7,90.31,1,2,1,0,1
42,86.0,1,2,0,0,0
42,62.62,4,4,1,0,0
17,65.38,0,1,1,1,0
43,58.91,2,1,0,0,0
71,43.19,1,1,1,1,0
39,90.06,2,3,0,1,1
33,68.33,0,3,1,0,0
53,73.7,0,2,1,0,0
50,62.25,0,2,1,0,0
47,95.72,0,3,0,0,1
18,70.28,0,2,1,0,1
34,44.51,2,1,0,0,0
56,75.65,2,2,1,1,1
38,78.9,0,2,0,0,0
42,60.1,0,1,1,0,0
67,72.8,0,2,1,0,0
31,27.78,0,4,1,0,0
16,103.31,0,1,1,0,0
22,121.65,1,2,1,0,0
69,96.92,1,1,1,0,0
17,99.99,1,2,0,1,1
57,54.33,1,1,0,0,0
34,74.17,3,2,1,1,0
42,104.28,1,2,1,0,0
47,49.83,1,4,1,1,0
14,58.58,1,1,0,0,0
1,93.56,0,1,1,0,1
23,69.52,2,3,0,0,1
41,103.64,1,3,1,0,0
49,108.68,3,2,1,0,1
39,73.68,0,3,1,0,0
37,102.65,0,4,0,0,0
38,101.8,1,4,0,0,0
19,77.29,0,1,0,0,0
29,56.02,4,4,0,1,0
3,76.22,0,3,0,0,0
3,84.03,2,1,1,0,1
68,107.91,2,2,1,0,0
26,77.27,2,3,0,0,0
17,112.49,1,1,1,1,1
31,81.02,1,3,0,0,0
38,82.03,0,2,1,0,0
53,82.39,2,2,1,0,1
65,66.47,3,3,1,0,0
69,93.47,2,4,1,0,1
47,90.65,3,3,1,0,1
22,116.03,4,4,1,0,1
25,81.8,0,3,1,0,0
56,57.28,1,1,1,1,0
25,81.78,3,2,1,0,1
41,92.4,2,4,1,0,1
50,61.54,2,4,0,0,0
67,71.64,2,1,0,0,0
46,88.82,1,1,1,0,0
18,92.92,0,4,0,0,1
58,74.55,2,3,1,0,0
64,77.24,1,3,0,1,0
6,94.81,1,4,1,0,1
61,73.87,0,2,1,0,0
12,62.18,1,4,1,0,0
6,43.77,0,4,0,0,0
30,19.78,1,4,0,0,0
10,108.07,1,1,0,0,1
6,65.26,5,2,0,0,1
50,42.87,3,3,0,0,0
4,79.57,1,1,1,0,1
67,84.02,2,3,0,0,0
15,103.9,1,3,1,1,1
19,45.77,0,3,1,0,0
9,84.04,2,4,0,0,1
29,83.93,2,2,1,0,1
46,89.87,0,3,0,0,0
67,80.95,2,2,0,0,1
29,104.12,0,1,0,0,1
58,106.59,1,2,1,0,1
14,63.8,1,2,1,0,0
62,65.83,1,4,1,0,0
27,42.04,3,2,0,0,0
62,80.84,1,1,1,0,0
59,99.4,3,1,0,0,0
28,40.92,2,2,1,0,0
37,71.56,2,3,0,0,0
68,54.83,1,3,1,0,0
9,83.82,0,1,1,0,1
31,79.69,0,4,1,0,0
26,73.35,0,1,1,0,0
69,51.93,0,1,1,0,0
30,50.65,1,1,0,0,1
10,73.64,3,3,0,1,0
36,94.36,1,2,0,0,1
65,72.34,1,1,0,0,0
20,40.76,0,2,1,1,0
7,62.52,0,2,1,1,0
56,72.18,1,2,0,0,0
35,89.69,0,2,0,0,0
70,99.26,0,1,1,0,1
20,82.89,2,4,1,1,0
33,104.69,2,4,1,0,0
16,72.06,3,3,1,0,1
5,66.43,1,1,1,0,1
63,82.9,1,2,1,0,1
50,66.51,1,2,1,1,0
37,130.42,3,1,1,0,1
56,69.78,2,3,1,1,0
60,82.14,1,3,0,0,0
7,102.13,2,1,1,0,1
36,64.15,1,3,0,0,0
58,81.36,1,4,1,0,0
50,76.84,0,2,1,1,1
8,45.9,3,4,1,1,0
68,74.58,1,2,0,0,0
19,88.86,4,3,0,0,1
38,76.28,1,1,0,0,0
47,51.98,0,1,0,1,0
26,68.26,2,3,1,0,0
6,44.96,0,1,1,1,0
9,51.81,0,3,1,0,0
55,89.99,2,4,1,0,1
39,93.82,2,1,0,0,1
56,64.47,0,3,1,1,0
68,75.1,2,1,1,1,0
67,57.22,0,4,1,1,0
54,40.53,1,1,0,0,0
28,51.01,2,4,0,1,0
42,64.5,2,4,0,0,0
64,74.05,4,1,0,0,0
39,62.19,2,1,1,0,0
36,60.27,0,1,0,0,0
67,105.55,0,2,0,0,1
33,52.21,2,3,1,1,0
37,82.43,0,1,1,0,0
19,63.14,3,2,0,0,1
15,80.73,1,3,0,1,0
69,79.97,1,2,1,0,0
30,73.31,0,3,0,0,0
19,81.67,0,4,1,1,0
38,81.35,1,4,1,0,0
23,55.71,0,2,1,1,1
16,119.55,0,3,0,0,1
34,103.57,1,2,1,0,1
51,87.06,0,2,1,0,0
67,26.91,2,4,0,0,0
25,83.56,2,2,1,0,1
10,63.97,0,4,1,0,0
45,82.21,0,4,1,1,0
26,100.82,2,2,1,1,1
37,106.38,1,1,1,1,1
3,54.77,3,2,0,0,1
52,52.36,3,4,0,0,0
40,33.49,2,2,1,0,0
26,74.32,2,1,0,1,1
64,112.02,1,4,1,0,0
51,84.49,2,3,1,0,0
35,107.47,1,2,1,0,0
30,83.07,1,1,0,1,0
40,70.8,0,1,0,0,0
25,74.98,0,4,0,1,0
70,107.44,0,2,0,0,0
23,91.09,0,4,0,0,0
6,25.02,0,3,0,0,0
49,61.1,3,1,0,0,0
5,81.75,2,2,1,1,1
54,95.74,2,3,1,0,0
7,97.24,1,3,1,1,1
20,48.7,0,2,1,0,0
59,77.52,2,1,1,0,0
66,103.52,4,4,0,0,0
64,50.73,2,2,1,1,0
68,67.43,2,3,0,1,1
38,99.21,0,2,1,0,1
18,95.29,3,3,0,0,1
31,49.21,1,1,0,0,0
1,85.93,3,3,0,1,1
37,64.66,0,2,1,0,0
11,64.59,2,4,1,0,0
1,52.55,1,3,1,1,1
10,111.57,1,1,1,0,1
13,88.9,1,2,0,0,0
25,105.6,0,4,0,0,0
46,71.62,0,2,1,0,0
30,58.54,1,4,0,0,0
55,68.7,1,3,0,0,0
21,121.2,3,4,1,0,1
23,58.63,2,4,0,0,0
24,80.35,2,3,0,0,1
39,107.88,3,4,0,0,0
62,82.61,2,1,1,0,0
4,85.97,0,1,1,0,1
18,81.63,1,2,1,0,1
33,55.29,0,2,1,0,0
45,97.9,3,2,0,0,0
48,59.41,0,2,0,0,0
47,59.63,2,1,0,0,0
4,101.22,1,2,0,0,0
45,75.15,2,3,1,0,0
21,52.08,2,1,1,0,1
38,53.59,0,1,0,0,0
14,64.8,2,2,0,0,1
66,90.42,0,1,0,0,0
63,56.47,2,4,0,1,0
25,100.18,1,1,0,0,0
18,86.81,2,3,0,0,0
7,64.65,1,3,0,0,0
66,79.03,1,1,1,0,0
47,95.87,1,2,0,0,0
19,102.38,1,2,1,1,1
61,54.86,1,2,1,0,0
12,70.47,2,4,1,1,0
14,73.57,0,1,0,0,0
59,92.81,1,4,1,0,0
38,103.07,3,2,1,0,0
6,53.42,2,1,1,0,1
34,98.51,3,1,0,0,1
20,71.91,2,3,0,1,0
39,74.95,1,1,0,1,0
22,58.17,2,3,0,0,0
38,38.12,3,3,1,0,0
12,47.3,2,1,1,0,0
28,31.85,0,4,1,1,0
68,83.67,1,3,1,0,0
23,64.08,2,4,1,0,0
60,87.9,2,4,1,0,0
42,71.66,0,4,0,0,0
42,52.92,1,3,1,0,0
31,102.7,1,4,1,0,0
14,89.43,2,4,1,0,0
21,54.86,0,4,1,1,0
22,89.11,4,1,1,0,1
70,123.77,1,1,1,0,0
36,90.07,2,3,1,0,1
66,77.03,3,2,1,0,0
40,64.42,1,4,1,0,0
12,76.44,0,1,1,1,1
70,69.03,2,1,1,0,0
59,53.69,0,1,0,0,0
48,84.51,1,4,1,1,0
26,74.25,2,2,1,0,0
15,91.33,2,3,1,0,1
66,125.45,2,4,0,1,0
19,42.97,1,3,0,1,0
14,88.9,3,3,1,0,1
10,63.37,0,3,0,1,0
6,93.92,0,2,0,0,1
41,41.39,1,4,1,0,0
36,66.0,0,3,0,0,0
28,65.69,1,4,1,1,1
20,129.24,1,4,0,0,0
56,79.59,2,1,0,0,1
24,54.36,0,4,1,1,0
68,87.01,1,1,1,1,0
57,93.6,0,3,0,0,0
25,107.3,1,4,0,1,0
10,100.88,2,2,1,0,1
12,50.55,1,4,0,1,0
47,85.03,0,1,1,0,0
62,81.37,0,4,0,1,0
44,78.13,1,2,0,0,0
39,85.06,3,4,1,0,1
20,68.89,1,2,0,0,0
48,87.07,2,2,1,0,0
49,89.86,1,2,0,0,0
16,69.36,0,1,1,0,0
39,96.82,2,3,0,1,1
22,60.9,0,3,1,0,0
27,30.54,3,3,1,0,0
27,43.18,1,1,0,0,0
17,65.68,1,4,0,0,0
44,77.22,2,4,0,1,0
65,71.31,3,4,1,0,0
36,41.34,0,1,1,1,0
12,111.27,1,2,1,0,1
49,108.74,0,4,0,0,0
46,72.85,0,3,1,0,0
3,73.86,3,1,1,1,1
64,82.04,1,2,1,1,0
70,71.6,1,4,0,0,0
34,79.37,2,2,0,1,0
8,29.85,0,1,0,0,0
51,39.36,4,3,1,1,0
57,74.99,1,4,0,1,0
11,23.95,0,2,0,1,0
63,80.13,0,1,0,0,0
10,56.45,1,2,1,0,0
36,72.19,1,2,1,0,0
15,77.45,1,3,0,1,0
29,92.77,0,4,0,0,0
63,72.89,0,2,0,0,0
20,34.14,0,4,0,0,0
56,37.13,0,2,1,0,0
43,64.57,0,3,1,0,0
44,92.54,2,2,1,0,1
21,70.59,1,2,0,0,0
41,75.71,0,2,1,1,1
48,79.11,2,3,1,1,1
31,76.79,1,1,0,1,0
21,63.94,0,2,0,0,0
7,63.29,0,2,1,0,0
28,79.09,0,1,1,0,1
6,82.44,1,4,1,0,0
71,86.0,2,3,1,0,0
31,101.18,4,3,1,0,1
17,34.32,2,4,1,0,1
62,89.71,1,4,0,0,0
30,91.06,0,2,1,0,1
48,76.59,2,3,1,0,0
58,98.59,2,3,0,0,0
53,74.92,2,4,1,0,0
3,104.13,3,3,0,0,1
57,67.43,0,1,0,0,0
18,40.73,4,4,0,0,0
63,51.98,2,3,0,0,0
64,83.35,1,3,1,1,0
8,110.71,0,3,1,0,1
1,84.02,2,2,0,0,1
5,86.81,1,4,1,0,0
28,63.26,2,2,1,0,0
54,66.42,0,2,1,1,0
10,94.93,0,4,0,0,0
25,53.14,1,1,1,0,0
27,60.56,1,1,1,0,0
36,61.43,1,4,0,0,0
52,70.43,1,1,0,0,0
55,52.72,1,3,1,1,1
15,97.18,0,3,0,1,0
54,82.73,0,4,0,0,0
9,57.49,0,3,0,0,0
68,94.87,0,1,1,0,0
30,79.13,2,3,1,1,1
13,96.52,0,3,1,0,0
69,55.46,3,1,0,0,0
29,96.77,2,4,1,1,0
27,63.02,1,1,0,1,0
44,94.89,3,1,0,1,1
38,61.55,1,2,0,1,0
52,37.76,1,2,0,0,0
62,45.96,0,3,1,0,0
4,46.7,2,2,0,0,0
10,84.26,0,1,0,0,0
5,86.45,0,1,0,0,1
13,104.4,1,3,1,0,1
37,80.32,2,3,0,0,0
7,73.07,0,1,1,0,1
29,107.28,1,1,0,0,1
41,52.1,1,2,0,1,0
38,80.48,0,2,0,0,0
21,94.69,2,3,0,0,0
41,26.31,0,4,1,0,0
22,76.47,2,1,1,1,1
1,41.66,1,4,0,1,0
37,107.88,1,4,1,1,1
9,53.93,1,1,0,0,0
2,99.1,3,1,0,0,1
23,80.26,1,3,1,0,0
27,30.77,0,2,0,0,0
64,85.12,0,4,0,1,0
34,72.08,2,3,0,0,1
21,101.11,0,4,0,0,0
44,42.3,0,1,1,0,0
45,90.46,1,2,1,0,0
39,73.66,2,4,1,1,1
9,76.4,2,2,1,0,0
62,54.32,1,1,1,0,0
54,82.94,0,4,1,0,0
27,93.24,1,4,1,1,0
2,46.81,1,1,0,1,0
42,99.78,2,4,0,0,0
20,74.92,1,4,0,0,0
32,54.14,0,3,1,0,0
21,67.63,2,1,1,1,1
27,39.74,1,2,0,0,0
12,58.79,1,2,1,1,0
57,78.67,3,2,1,0,0
23,99.67,0,3,0,0,0
53,106.68,1,4,1,0,0
15,52.99,2,4,1,0,0
1,68.75,0,3,0,0,0
9,92.0,3,4,0,1,0
66,73.91,1,3,1,1,0
41,68.52,2,1,0,1,0
5,45.19,0,1,1,1,1
27,40.51,3,4,1,0,0
39,89.82,1,4,1,1,1
52,89.35,1,4,0,0,0
63,116.26,0,1,0,0,0
3,51.77,1,2,1,1,1
23,98.85,2,2,0,1,1
29,88.01,1,1,1,1,1
61,83.93,2,4,1,0,0
36,97.3,1,1,0,1,0
68,78.67,2,4,1,0,0
37,64.38,0,1,1,1,0
19,74.16,2,3,1,0,0
12,71.48,2,3,1,1,1
63,111.25,1,2,1,0,1
44,69.34,1,3,0,0,0
37,43.23,2,3,0,0,0
2,52.83,0,1,1,0,1
1,92.24,2,1,0,0,1
45,74.97,1,2,0,0,0
6,59.49,2,2,1,1,1
48,80.96,0,1,1,0,0
32,90.63,0,2,1,0,0
11,74.88,1,4,0,0,0
8,96.88,1,4,1,0,1
24,76.89,1,3,0,0,1
60,60.34,4,1,0,0,1
6,98.79,0,3,1,1,1
5,94.29,4,2,1,0,1
3,90.98,2,1,1,1,1
46,98.4,2,4,1,0,0
61,61.38,0,4,0,0,0
30,71.82,0,4,0,0,0
8,71.09,1,4,1,0,1
67,96.74,1,3,1,1,0
50,78.76,1,3,1,0,0
39,69.31,0,2,1,0,0
47,106.56,1,1,0,0,1
2,62.22,0,4,0,0,0
62,49.78,2,3,0,0,0
44,71.44,2,1,1,0,1
66,106.39,1,2,1,1,0
38,103.03,2,1,1,0,0
60,78.23,3,2,0,1,1
45,40.47,3,3,0,1,0
71,67.63,1,3,0,0,0
55,67.1,1,4,0,0,0
53,65.29,3,1,0,0,0
59,84.0,0,4,1,1,0
41,60.72,3,2,0,0,0
18,94.63,1,3,1,1,1
11,86.7,3,4,0,0,1
36,81.2,1,1,0,0,1
31,53.9,2,3,1,0,1
17,54.14,1,1,1,1,0
4,60.36,1,4,1,0,0
20,70.42,2,3,0,0,0
48,95.18,0,4,1,0,0
10,80.48,1,4,1,1,0
56,35.72,1,3,0,0,0
21,42.18,0,3,1,0,0
60,86.85,1,4,0,0,0
53,84.02,0,4,0,0,0
41,58.52,0,1,1,0,0
44,88.27,0,4,0,0,0
56,70.54,2,1,0,0,0
70,84.22,2,2,1,0,0
27,62.55,2,3,1,0,0
35,60.53,2,4,1,0,0
23,122.64,2,3,1,0,1
65,73.68,0,3,0,0,0
17,88.53,2,2,1,0,1
16,90.67,2,3,0,0,0
22,91.82,1,3,1,0,0
16,54.94,1,1,0,1,1
2,74.21,2,3,1,0,1
6,94.73,1,2,0,0,0
6,103.23,0,4,0,0,0
18,33.75,1,1,1,0,0
39,101.99,3,4,1,0,1
37,61.47,0,3,1,0,0
5,73.07,0,1,1,1,1
65,65.8,5,4,1,0,0
20,51.8,2,4,1,1,1
37,75.73,0,1,1,1,0
19,88.29,0,3,0,1,0
36,52.23,0,1,0,0,0
14,72.8,1,2,1,1,0
28,86.47,5,3,1,0,1
9,90.12,1,4,1,0,1
47,36.51,0,4,1,0,0
54,72.53,2,4,1,0,0
13,58.95,0,2,1,0,0
30,85.14,4,4,0,1,0
9,43.74,0,1,0,1,0
8,80.52,0,4,1,0,0
42,40.18,1,2,1,0,0
45,75.37,0,3,0,0,0
39,60.96,3,4,1,1,1
34,108.69,1,4,0,0,0
14,58.3,1,3,1,1,0
7,99.53,0,1,0,0,0
18,114.46,0,3,1,0,0
65,87.07,0,4,0,0,0
26,81.07,1,1,1,1,0
7,36.24,2,3,1,0,0
61,73.12,2,3,1,0,0
42,60.76,1,4,0,0,0
63,113.64,1,2,1,1,1
42,82.32,1,1,0,0,0
8,93.2,1,2,0,0,0
56,19.92,3,2,1,0,0
48,38.84,2,3,0,0,0
63,35.02,1,2,1,0,0
59,92.33,2,3,1,1,0
35,91.29,0,4,0,0,1
12,76.26,1,1,1,0,0
43,73.62,1,4,1,0,0
57,46.57,1,3,1,0,0
36,66.84,4,2,1,0,0
60,51.03,1,3,0,0,0
25,94.27,1,1,0,0,0
66,86.14,1,4,0,1,1
70,75.54,0,1,1,0,0
47,102.16,1,1,0,0,0
9,107.33,0,3,1,0,1
3,77.31,0,4,0,0,0
31,89.8,2,2,0,0,0
69,89.32,3,2,1,1,1
3,92.8,3,3,0,0,1
22,79.3,2,1,0,0,1
55,103.95,0,3,1,0,0
5,119.66,2,4,0,1,1
64,87.43,1,1,0,0,0
47,62.07,0,4,1,0,0
4,34.05,1,3,0,1,0
30,85.85,1,1,1,1,0
1,31.46,1,2,1,0,0
18,95.88,3,3,0,0,1
1,87.15,3,4,1,0,1
56,115.7,0,2,1,1,1
71,15.0,1,3,0,0,0
25,87.54,1,4,1,0,0
34,74.47,5,3,0,0,0
59,98.88,1,1,1,0,0
13,94.26,3,3,1,0,1
45,129.17,2,3,0,0,0
62,88.24,2,3,1,0,0
2,58.88,3,3,0,1,0
9,57.35,1,2,0,0,0
16,83.36,0,4,0,0,0
58,113.14,2,2,1,0,1
59,72.44,0,4,1,0,0
10,65.45,0,4,1,1,0
9,113.98,2,3,0,0,1
34,62.92,1,3,0,0,0
1,54.93,0,1,1,0,1
42,63.64,0,2,1,1,0
19,70.64,0,4,1,0,0
64,39.86,4,4,0,1,0
21,68.36,2,3,0,0,0
46,93.93,0,4,1,0,0
25,95.6,0,4,1,0,0
8,85.75,1,1,1,0,1
41,60.27,1,1,1,0,0
28,41.15,2,3,1,0,0
53,71.33,1,1,1,0,0
70,117.5,1,2,0,0,0
41,66.47,2,3,0,1,0
66,85.88,0,4,1,0,0
16,62.96,2,4,0,0,0
30,82.81,3,1,1,0,1
50,62.75,3,3,0,0,0
39,106.65,1,1,1,0,0
66,99.49,1,1,1,0,0
66,110.57,1,1,1,1,1
26,65.26,1,2,1,0,0
56,87.48,2,4,1,0,0
32,55.97,3,3,1,1,0
57,29.07,1,4,1,1,0
24,50.34,1,3,1,0,0
13,69.5,1,1,1,0,1
54,77.17,0,4,1,0,0
50,64.29,1,1,0,0,0
50,80.69,2,1,0,0,0
6,59.94,1,3,0,1,0
51,118.15,2,1,1,1,1
41,71.86,1,1,1,0,0
35,57.3,2,3,0,0,0
40,77.71,2,2,0,0,0
52,63.18,0,1,0,0,0
55,59.96,1,3,1,1,0
34,57.36,0,4,1,1,0
69,97.76,2,4,1,0,0
45,76.74,1,3,1,0,0
56,99.29,1,1,1,1,1
15,72.67,0,4,0,1,0
1,63.24,3,1,1,0,1
1,64.85,1,3,1,0,1
24,91.16,3,3,1,0,0
1,98.3,2,4,0,1,1
48,95.75,0,3,1,0,0
59,55.84,0,4,1,0,0
33,67.72,0,4,1,0,1
24,49.1,0,4,1,1,0
69,102.12,0,1,1,0,0
21,88.2,1,4,1,1,1
50,56.47,0,1,1,0,1
20,71.91,1,3,0,0,0
66,41.49,1,4,1,0,0
34,78.86,2,4,1,1,0
50,15.0,1,1,1,1,0
64,72.6,2,3,1,0,0
57,98.25,1,2,0,0,0
51,71.11,0,3,1,0,0
35,100.92,1,4,1,0,0
60,72.84,2,2,0,0,0
48,72.73,0,1,1,0,0
20,106.45,1,3,0,0,0
51,84.29,0,1,1,0,0
33,86.07,0,2,1,0,0
34,83.83,1,3,0,0,0
66,52.33,0,4,1,0,0
5,63.43,0,2,0,0,0
62,48.6,3,1,0,0,0
70,71.85,4,2,1,0,1
37,75.79,1,1,1,0,1
34,75.93,0,3,0,0,0
31,107.12,0,4,0,0,0
4,78.91,2,3,1,0,1
39,74.42,1,3,1,0,0
35,55.61,3,2,0,0,0
65,101.51,0,3,0,0,0
18,65.78,2,3,1,1,0
2,52.64,2,2,1,1,1
62,85.3,2,1,0,0,0
12,89.4,0,4,0,0,0
62,65.78,1,3,0,0,0
56,77.34,2,3,1,0,0
64,59.83,1,2,1,0,0
52,59.25,2,4,0,0,0
32,76.82,1,3,0,0,0
41,98.74,1,2,1,1,1
9,90.56,1,1,1,0,1
25,69.75,0,4,0,1,0
51,70.21,1,1,1,0,0
19,87.77,4,4,0,0,1
52,49.45,2,2,0,1,0
52,55.79,1,3,0,0,0
34,90.79,0,1,1,1,0
24,81.99,0,3,1,0,1
34,70.01,0,1,1,0,0
49,80.21,2,3,1,0,0
5,73.91,0,2,1,1,0
30,55.45,2,2,1,0,0
71,105.39,2,4,0,0,0
43,60.87,3,3,1,0,0
33,80.15,2,4,0,0,0
35,68.9,2,3,1,0,1
60,38.53,3,2,1,0,0
29,79.76,0,4,0,0,0
19,64.9,2,4,0,0,0
39,70.94,0,1,1,1,1
62,70.1,0,3,0,1,0
66,71.43,0,1,0,1,0
70,70.67,3,3,0,0,0
33,57.31,1,1,1,0,0
45,117.95,2,3,1,1,1
14,88.19,0,2,0,1,1
41,95.46,3,4,0,0,0
42,88.94,2,1,0,1,1
42,81.14,0,3,0,0,0
48,57.31,1,4,1,1,0
47,102.32,3,3,0,1,0
2,41.57,0,1,0,0,0
16,87.03,0,1,1,0,1
6,101.73,2,1,0,1,1
19,60.49,2,2,1,1,0
50,37.91,0,3,0,1,0
26,72.18,2,3,1,0,1
47,78.37,2,1,1,0,1
19,52.39,2,4,0,0,0
41,86.53,0,2,1,0,0
53,65.93,1,2,1,0,0
5,87.7,0,1,1,0,0
9,59.74,3,4,0,0,0
51,78.91,1,3,0,0,0
21,40.47,1,2,0,0,0
3,84.32,0,3,0,1,0
36,67.96,0,4,1,0,0
24,80.17,1,4,0,0,0
32,29.22,0,3,0,1,0
19,72.14,0,4,0,0,0
62,95.25,3,3,1,0,1
36,49.87,0,1,1,0,0
61,62.23,0,1,0,0,0
60,69.46,1,4,1,0,0
60,64.86,1,2,1,0,0
47,104.79,2,1,0,0,0
13,77.14,3,3,1,0,1
65,67.34,1,1,0,0,0
44,94.24,3,4,1,0,1
36,115.83,2,3,0,0,1
40,86.27,3,2,1,0,1
36,98.71,2,1,1,1,1
53,59.4,4,2,1,1,1
28,84.28,0,4,0,0,0
58,73.09,1,1,0,0,0
32,98.56,0,1,0,1,0
29,85.55,1,4,0,0,0
40,91.69,1,2,0,1,1
58,84.17,1,2,1,0,0
27,89.42,1,3,1,1,0
17,79.76,1,1,0,1,0
30,37.33,1,3,0,0,0
3,58.67,2,4,0,0,1
42,41.78,0,1,1,0,0
68,91.78,3,3,1,1,1
5,45.74,4,3,1,0,1
71,91.94,0,3,1,0,0
29,62.96,0,3,1,0,0
36,107.29,2,4,1,1,1
38,105.82,1,4,1,0,0
57,92.33,0,1,1,0,0
11,57.88,1,4,1,0,1
42,51.81,0,1,1,1,0
22,82.68,1,2,0,0,0
33,65.37,2,1,0,0,0
56,57.56,1,2,1,0,0
58,35.37,0,1,0,0,0
9,99.01,2,2,1,0,1
35,86.97,1,3,1,1,0
52,92.23,0,3,0,0,0
7,42.32,1,4,1,0,0
22,83.21,1,3,0,0,0
57,49.2,0,4,1,0,0
16,91.87,1,3,1,0,1
48,23.07,5,4,0,1,0
25,68.96,1,4,0,1,0
6,88.25,4,2,0,0,1
13,95.84,0,2,0,0,0
68,71.13,1,3,0,1,0
64,38.4,1,4,1,0,0
57,103.45,0,2,1,0,0
61,79.01,4,2,0,0,0
37,57.12,0,1,1,0,0
32,56.72,0,3,0,0,0
34,85.17,1,1,1,0,1
2,115.96,1,3,1,0,1
44,101.32,2,4,1,0,0
49,71.04,7,3,0,0,1
27,95.34,1,2,1,0,0
42,101.25,0,4,1,0,0
42,74.99,2,2,1,0,0
25,99.67,2,2,1,0,0
63,93.81,1,3,0,0,0
70,70.05,3,4,1,1,1
36,75.93,1,2,1,0,0
66,69.41,2,3,0,0,0
25,116.27,1,3,0,0,1
61,41.12,1,4,1,0,0
27,87.89,3,3,0,0,0
5,35.86,1,3,1,1,0
49,43.85,2,2,1,0,0
12,93.53,2,1,1,0,1
51,79.11,1,2,1,0,1
31,86.6,1,4,0,0,0
29,90.26,1,4,0,0,0
44,94.25,2,1,0,1,1
47,43.69,1,1,1,0,0
62,51.72,1,3,0,0,0
47,76.81,1,1,1,0,1
25,74.63,2,2,0,1,0
55,34.25,1,1,1,0,0
6,99.29,2,4,1,0,1
6,73.56,1,3,1,0,1
51,110.78,1,4,1,1,1
49,71.69,0,3,1,1,0
32,47.5,0,2,1,0,0
13,68.85,1,4,1,0,0
9,91.86,3,3,0,0,1
70,64.27,0,3,0,1,0
46,54.41,3,2,0,0,1
7,49.44,0,4,1,0,0
67,71.7,2,3,0,0,0
46,80.39,1,1,0,0,0
11,76.29,1,2,1,1,1
59,84.44,0,4,1,0,0
50,69.66,1,4,1,0,0
56,66.86,0,1,1,0,1
50,103.3,1,4,0,1,0
41,113.29,1,1,1,0,1
26,55.33,1,3,1,0,0
37,81.64,1,4,1,0,0
58,86.52,1,3,0,0,0
45,99.54,1,2,0,0,0
58,43.25,3,3,0,0,0
32,76.43,2,3,0,1,0
20,88.01,0,1,0,0,0
17,106.97,1,2,1,0,1
57,79.34,2,4,1,0,0
56,77.14,0,3,0,0,0
31,63.81,2,3,0,1,0
44,72.46,0,1,1,1,0
59,71.58,2,2,0,1,0
16,55.03,2,4,1,1,1
22,60.46,0,3,1,0,0
49,78.07,0,3,0,0,0
48,76.25,0,1,1,1,1
67,65.38,0,3,0,0,0
14,57.46,1,4,1,0,1
57,55.25,0,4,0,0,0
26,77.31,1,1,0,0,0
65,104.73,1,4,1,1,1
51,97.51,1,3,1,1,0
5,90.27,4,4,0,0,1
20,33.07,1,2,1,0,1
55,84.67,0,4,0,1,1
22,90.32,2,3,1,1,0
26,80.85,1,4,1,0,0
56,35.75,1,3,1,1,0
35,91.17,1,4,1,0,0
51,81.0,1,3,1,0,0
38,72.37,1,2,1,0,0
12,95.26,1,4,0,1,0
11,71.93,3,1,0,1,1
44,88.85,3,3,0,1,0
20,73.1,2,3,0,0,0
26,63.25,0,2,1,0,0
59,98.25,0,4,1,1,0
60,61.17,1,3,1,0,0
48,83.14,1,1,0,0,0
61,55.47,1,3,1,0,0
43,80.65,1,3,0,0,0
20,66.42,1,3,1,1,1
46,61.18,0,4,0,0,0
65,57.13,3,3,0,0,0
53,41.8,0,3,0,0,0
7,66.82,2,4,1,0,0
5,78.45,1,3,0,0,0
16,96.0,0,4,0,0,0
43,135.11,1,3,0,0,0
26,117.32,0,4,0,0,0
55,75.8,2,1,1,1,1
53,29.41,1,2,1,0,0
35,63.2,0,1,1,0,0
36,85.23,1,3,1,0,1
23,85.35,0,1,0,1,0
45,71.15,1,4,1,0,0
57,90.12,2,3,1,0,0
68,116.52,0,4,0,0,0
24,82.26,2,1,1,1,1
53,93.55,1,1,1,1,1
25,104.86,2,2,0,0,1
23,67.31,1,4,0,0,0
65,62.05,0,2,1,0,0
25,86.04,1,1,0,0,0
41,93.16,1,1,1,0,0
4,100.02,0,2,0,0,0
22,74.53,0,3,1,0,1
28,103.7,1,4,1,0,0
63,92.81,1,2,1,0,1
2,55.07,1,1,1,0,1
10,77.37,1,1,1,0,1
61,94.81,0,3,1,0,0
55,89.92,3,1,1,0,1
35,94.5,2,4,0,0,0
44,108.58,2,2,0,1,1
22,128.36,0,1,0,0,0
63,76.3,0,3,0,1,0
37,77.29,1,1,1,1,1
71,86.82,2,4,0,1,0
40,124.64,0,4,1,0,0
64,42.08,3,4,1,0,0
61,84.39,1,1,1,0,0
53,70.48,1,3,1,0,0
66,102.62,1,3,1,0,0
28,75.52,0,4,1,1,0
64,26.62,1,2,0,0,0
36,69.2,0,2,1,0,0
58,61.4,1,4,1,1,0
60,68.58,3,1,1,0,1
5,63.21,0,2,1,0,1
15,86.71,0,4,1,0,0
31,66.25,0,1,1,1,0
7,100.97,2,4,1,0,1
47,56.74,0,4,0,1,0
49,76.45,2,4,0,1,1
25,52.98,1,2,0,1,0
46,64.74,2,4,1,0,0
54,67.91,1,2,1,0,0
13,73.89,4,1,0,0,1
41,108.56,1,4,1,0,0
41,76.5,2,4,0,0,1
58,86.59,1,1,0,0,0
45,65.82,4,4,1,1,0
15,43.17,1,4,1,1,0
20,72.88,0,2,1,0,0
47,58.1,3,3,1,0,0
38,106.64,1,1,1,1,1
31,66.59,2,4,0,1,0
13,57.79,1,2,0,1,0
10,34.72,1,4,1,0,0
32,69.61,2,1,0,1,0
61,104.0,1,1,0,0,0
47,74.81,1,2,1,0,0
17,85.37,3,2,0,0,1
5,55.34,1,3,1,0,1
18,84.94,0,2,1,0,0
4,54.13,3,3,0,1,0
69,65.77,2,3,0,1,0
6,58.74,0,2,0,0,0
52,63.54,2,1,0,0,0
38,94.99,1,2,0,1,0
60,88.99,2,4,1,0,0
6,88.3,2,2,1,0,1
41,94.28,4,4,0,0,0
45,68.09,1,3,1,0,0
67,102.49,1,2,1,0,0
57,120.53,3,3,1,0,1
70,95.25,0,2,1,0,0
61,114.9,2,1,0,0,0
16,89.66,2,3,1,0,1
38,99.54,3,1,0,0,1
64,56.69,0,1,0,1,0
25,60.71,2,2,1,0,1
42,89.56,1,4,1,1,0
47,42.49,0,4,1,0,0
17,41.79,0,4,0,0,0
70,99.89,1,1,0,0,0
22,79.59,1,1,1,1,1
23,71.14,1,2,1,1,1
18,97.35,0,4,0,0,0
4,88.3,1,4,0,0,0
34,84.12,0,4,0,0,0
69,79.46,0,2,0,0,0
67,56.23,0,1,1,0,0
3,76.22,0,1,0,0,0
50,80.0,2,2,1,0,0
68,76.45,1,3,1,0,0
53,85.01,0,1,1,0,0
42,96.4,0,4,1,1,0
1,56.63,1,2,0,1,1
58,43.05,1,4,1,0,0
66,106.69,1,2,0,0,0
6,63.2,0,4,1,0,0
13,48.9,0,2,0,1,0
62,52.47,2,1,1,0,0
24,84.13,2,2,1,1,1
70,108.56,1,1,0,0,0
17,74.13,1,3,1,0,0
29,99.85,1,2,1,0,1
40,100.17,0,3,0,0,0
42,101.26,3,1,0,0,0
48,70.67,2,4,0,0,0
44,86.38,0,3,1,0,0
55,76.71,1,1,1,0,0
57,15.0,1,3,1,1,0
19,67.55,0,4,0,0,0
8,58.95,2,2,1,0,0
36,50.57,0,1,1,0,0
17,70.19,0,4,0,0,0
8,82.86,0,4,1,0,0
6,75.02,1,3,0,1,1
2,77.73,2,2,1,0,1
63,81.1,2,1,1,0,0
35,70.5,4,2,1,0,1
70,77.85,1,1,1,0,0
39,88.54,1,2,1,0,0
39,84.93,1,3,1,0,0
31,70.53,1,4,1,0,0
40,103.14,1,1,0,0,0
71,53.33,3,1,0,0,0
56,70.54,2,1,0,0,0
29,94.81,2,1,0,0,0
24,88.9,0,4,1,0,0
67,58.32,1,2,0,0,0
68,78.04,1,3,1,0,0
2,81.63,3,3,1,0,1
11,94.37,0,1,1,0,0
17,70.15,1,3,0,0,0
17,105.56,2,3,0,0,0
9,47.46,2,2,1,0,1
64,74.71,3,1,0,0,0
43,54.8,4,2,1,0,0
30,101.07,4,1,1,0,1
34,46.34,1,1,1,0,1
52,51.56,1,4,0,0,0
23,75.99,0,4,1,0,1
22,88.72,1,2,0,1,0
44,84.6,1,4,1,0,0
59,64.0,1,4,1,0,0
6,97.7,4,3,0,0,1
62,69.38,0,2,0,0,0
44,61.34,2,3,1,0,0
60,92.0,1,1,1,0,0
61,113.75,1,4,1,1,1
67,60.55,1,2,1,0,0
48,67.91,2,1,0,0,0
61,92.68,0,1,1,0,0
68,90.33,2,3,0,0,0
38,65.49,3,1,0,0,0
66,83.54,3,2,0,0,0
1,37.82,1,3,0,0,0
35,97.65,1,2,0,0,0
44,102.44,2,3,0,0,0
60,56.93,0,1,1,0,0
5,64.14,0,4,0,0,0
35,59.01,1,1,1,0,1
31,65.21,1,2,1,1,0
24,105.8,2,4,0,0,0
36,83.3,1,4,1,1,0
52,47.77,1,4,1,0,0
71,61.02,0,4,0,0,0
64,59.37,2,4,1,0,0
9,81.99,2,3,1,0,1
11,78.98,2,3,0,1,0
42,107.39,2,3,1,1,0
66,97.14,1,1,0,0,0
6,81.24,1,4,1,0,1
66,87.12,3,4,0,0,0
7,75.89,0,1,1,0,0
30,55.77,1,4,0,0,0
10,88.45,1,4,1,0,0
17,64.76,1,1,0,0,1
71,77.78,3,4,0,0,0
53,70.14,0,1,0,0,0
5,86.85,0,4,1,0,0
46,83.28,0,4,0,0,0
57,61.3,1,3,0,1,0
28,100.68,0,1,1,0,0
15,70.44,2,4,1,1,0
20,67.01,1,3,1,0,0
36,61.56,1,3,0,0,0
68,93.77,4,3,1,0,0
29,72.47,1,2,1,1,1
27,126.33,1,1,1,1,1
71,75.29,0,2,1,1,0
17,71.67,1,4,0,0,0
59,118.73,1,2,1,0,0
24,50.55,1,4,1,0,0
13,81.66,0,4,1,0,0
29,93.47,0,4,1,0,0
55,96.27,0,2,1,0,0
55,80.9,0,3,1,0,0
41,83.98,2,4,1,1,1
48,100.73,2,1,0,0,0
23,103.56,0,1,0,1,0
19,38.72,0,4,1,0,0
40,58.07,1,1,0,0,0
9,96.41,0,1,1,0,1
22,92.25,1,1,0,0,1
31,66.76,2,1,1,1,1
65,81.98,1,2,0,0,0
22,67.48,0,2,1,0,0
11,104.32,0,4,1,1,0
56,73.6,0,2,0,0,0
18,90.85,0,1,1,0,1
14,79.5,1,2,0,0,0
37,48.81,2,2,1,0,1
10,65.34,3,2,0,0,0
29,50.43,2,2,0,0,0
39,105.69,0,3,1,0,0
4,93.24,3,2,1,0,1
33,72.58,1,2,1,0,1
5,88.96,1,1,0,1,1
50,72.13,4,4,0,1,0
46,37.67,1,1,0,0,0
20,99.37,2,3,1,0,1
70,50.99,1,3,1,0,0
11,100.44,1,3,1,1,1
44,80.48,1,1,1,0,0
16,67.45,1,3,1,0,0
22,79.78,1,2,0,1,0
49,107.82,0,4,1,0,0
60,65.07,0,2,1,1,0
31,44.17,0,3,1,0,0
31,91.06,2,2,1,0,1
12,82.81,2,2,1,0,1
33,80.02,2,4,0,0,0
71,67.41,3,3,1,0,0
61,53.76,1,2,0,0,0
42,79.52,2,4,1,1,1
46,82.34,2,4,1,0,0
66,78.39,1,3,0,0,0
38,92.44,1,2,1,1,0
31,104.18,1,4,1,0,1
59,58.56,1,4,1,0,0
37,67.55,0,2,0,0,0
31,67.7,2,1,0,0,0
20,62.88,1,4,1,0,0
52,92.5,0,1,1,0,0
57,78.74,0,4,0,1,0
36,84.91,1,4,1,0,0
1,79.05,1,4,1,0,0
61,99.04,0,1,1,1,0
52,74.18,3,4,1,1,0
34,74.09,3,4,1,0,0
30,89.93,0,2,0,0,0
34,64.07,1,1,0,1,0
61,103.17,2,3,1,0,0
29,29.17,1,4,1,0,0
4,78.22,0,2,1,1,0
48,67.53,1,4,0,0,0
1,54.74,3,2,1,0,1
11,103.07,1,3,0,0,0
20,69.8,1,4,1,0,0
23,36.77,2,1,0,0,0
55,70.84,3,4,0,0,0
66,69.89,1,2,1,0,0
35,62.92,3,2,1,0,0
16,116.95,1,1,1,0,1
37,71.86,1,1,1,0,0
1,35.02,0,2,0,0,0
19,82.02,1,2,1,1,1
48,70.14,0,2,0,0,0
19,47.09,1,4,0,0,0
9,99.33,1,3,0,0,0
43,66.76,0,3,0,0,0
55,59.4,0,1,1,0,0
12,58.13,0,1,1,0,0
13,94.4,0,2,1,1,1
53,115.33,2,2,1,0,1
66,72.82,2,3,0,0,0
58,90.59,2,3,1,0,0
44,85.66,2,4,1,0,0
67,68.16,1,1,0,0,0
50,71.5,2,2,1,1,1
71,53.14,0,1,0,0,0
18,52.13,1,4,1,0,0
50,62.39,1,2,0,0,0
67,89.31,1,4,0,0,0
66,77.9,1,1,1,1,0
70,82.59,0,4,1,0,0
57,50.66,2,4,0,1,0
63,70.77,1,4,1,0,0
47,77.75,1,1,1,0,0
55,39.39,1,2,1,0,0
26,86.21,1,2,1,0,1
35,99.86,0,1,1,0,1
40,63.4,0,3,1,0,0
32,78.61,3,3,1,0,1
67,103.92,1,4,1,0,0
28,70.08,1,3,1,0,0
12,74.9,1,1,0,0,1
29,52.38,2,4,0,1,0
64,77.03,1,4,1,0,0
33,123.28,2,3,1,0,0
24,69.9,2,4,1,0,0
30,113.85,0,4,1,1,1
3,63.26,2,4,1,0,0
52,84.25,2,3,1,0,0
63,89.94,3,4,1,0,0
50,109.46,0,4,1,1,1
58,67.65,2,4,1,0,0
35,87.05,2,2,1,0,1
1,67.84,2,3,0,0,0
31,95.55,0,2,0,0,0
37,84.15,0,1,0,0,0
42,91.79,1,1,1,0,0
16,131.43,1,3,1,0,1
20,57.9,2,1,1,0,0
15,85.45,1,4,1,1,0
64,103.76,3,2,1,1,1
28,59.68,0,2,0,0,0
60,70.97,0,3,0,0,0
42,74.73,0,1,0,0,0
16,66.55,1,1,0,0,0
18,51.98,1,2,0,0,0
36,96.45,1,2,0,0,0
1,89.77,1,4,1,0,1
31,107.41,1,1,0,1,0
22,100.84,0,3,1,0,0
50,68.96,1,1,0,0,0
8,73.21,0,3,1,0,0
6,95.63,0,1,1,0,1
34,78.24,0,2,0,0,0
63,90.77,0,2,0,0,0
2,82.8,1,4,1,1,0
44,70.45,0,1,1,1,1
57,95.71,2,1,1,1,1
71,113.65,1,2,1,0,0
41,72.88,3,1,1,0,1
38,70.38,1,1,1,1,1
47,90.78,1,3,0,0,0
33,85.76,1,2,1,1,0
29,71.07,2,1,0,0,0
38,73.04,2,2,1,0,1
68,49.78,2,2,1,0,1
58,96.01,2,4,0,0,0
38,112.28,0,2,0,1,1
53,97.03,1,1,1,0,0
44,69.03,1,1,1,0,1
41,71.2,2,2,0,0,0
35,74.66,3,2,1,0,0
11,39.71,1,2,1,0,0
30,71.04,2,4,1,1,0
17,68.39,0,3,0,1,0
36,67.39,0,1,1,0,0
48,82.47,4,1,0,0,1
44,72.47,3,3,0,0,1
15,66.43,2,3,1,1,0
26,64.62,1,2,1,0,0
23,55.54,2,1,0,0,0
51,68.09,1,2,1,0,0
58,78.42,0,4,0,0,0
60,83.57,0,4,0,1,0
36,81.78,3,3,1,0,1
11,63.6,1,4,0,1,0
18,79.08,1,3,0,0,0
52,85.51,0,2,1,0,0
42,64.03,1,1,1,1,1
48,75.26,4,1,0,0,1
19,86.38,0,2,1,0,0
9,85.03,2,3,1,0,1
3,58.25,1,2,0,0,0
3,70.17,0,4,0,0,0
37,88.9,0,1,1,1,1
33,68.64,1,1,1,0,1
14,91.32,0,3,0,0,0
61,97.56,2,3,0,0,0
58,100.1,1,1,1,0,1
38,72.63,2,3,0,0,0
61,85.82,0,4,0,0,0
58,92.98,1,4,1,0,0
15,58.32,1,1,1,0,0
7,93.61,2,3,1,1,1
46,90.81,2,1,0,1,1
69,92.37,1,1,0,1,0
21,57.36,2,3,1,1,0
67,66.08,1,4,1,0,0
59,109.11,1,1,0,1,1
55,84.22,0,2,1,0,0
71,97.1,0,3,0,0,0
14,72.43,1,3,1,1,0
10,73.54,1,1,0,0,0
50,68.88,0,1,1,0,0
54,40.71,2,3,1,0,0
32,66.67,0,4,0,0,0
46,69.72,2,2,0,0,0
58,22.94,1,3,1,0,0
35,35.51,3,3,0,0,0
20,78.04,2,1,1,0,1
46,94.87,3,1,1,1,1
18,63.94,0,1,1,0,0
10,60.24,0,3,0,0,0
48,144.59,1,2,1,1,1
39,67.56,3,3,1,1,0
47,112.54,0,3,0,1,1
57,75.22,2,1,0,0,0
2,52.81,0,2,0,0,1
14,88.53,0,3,1,0,0
5,60.99,3,1,1,0,0
28,79.73,1,4,0,0,0
4,61.46,2,1,1,0,1
7,88.37,0,2,1,0,1
2,61.1,0,4,0,0,0
42,48.28,4,3,1,0,0
19,127.03,0,3,0,1,1
24,82.7,0,2,0,0,0
25,82.15,0,2,1,1,0
2,100.8,0,4,0,0,0
52,108.73,1,4,1,0,0
1,44.91,2,2,1,0,1
12,95.44,0,1,0,0,1
56,110.46,1,3,1,0,0
27,77.0,0,3,1,1,0
58,61.49,0,3,0,0,0
1,108.45,1,4,0,1,0
4,79.99,0,2,1,0,0
22,93.58,0,2,0,0,0
71,46.9,1,4,1,0,0
40,61.74,0,1,0,0,0
38,76.02,0,2,1,0,0
13,86.98,1,4,1,0,1
65,92.04,0,2,1,0,0
23,88.04,1,4,1,1,0
27,38.32,1,3,0,0,0
28,75.28,1,4,0,1,0
61,91.68,2,1,1,1,0
30,47.58,0,1,0,0,0
70,67.54,0,3,1,0,0
5,92.76,1,3,1,1,1
21,74.13,2,3,0,1,0
38,107.62,1,1,1,1,1
48,83.47,2,3,0,0,0
54,81.49,3,4,1,0,0
20,69.51,2,1,1,0,1
56,89.63,1,4,0,1,0
35,44.3,2,1,1,1,1
35,59.44,0,3,0,0,0
45,81.07,3,2,0,0,0
29,82.02,4,4,0,1,0
36,86.31,3,1,1,0,1
29,89.89,1,2,1,0,1
3,35.36,0,2,1,0,0
71,116.29,0,3,1,0,0
38,77.93,1,1,1,0,0
5,88.53,1,3,0,0,1
56,75.26,1,4,1,0,0
58,52.54,0,3,0,0,0
9,103.9,1,1,0,0,0
28,92.24,1,2,0,0,0
32,66.54,1,3,1,0,1
64,64.2,3,1,0,1,1
6,118.5,2,4,1,0,1
16,77.55,3,2,1,0,1
43,73.93,2,3,1,0,1
1,78.51,2,1,0,0,1
26,65.46,1,3,1,0,0
9,84.02,1,1,1,0,1
12,88.64,2,2,1,0,1
8,93.34,1,4,1,0,1
16,85.26,0,2,1,0,0
4,75.15,1,2,0,0,1
67,100.73,2,1,1,0,1
57,93.32,0,2,0,0,0
3,107.04,0,2,1,0,1
39,66.7,0,4,1,1,0
18,54.86,2,3,1,0,1
54,61.3,1,4,0,0,0
56,66.99,2,4,0,0,0
43,66.25,1,4,1,0,0
67,72.99,2,2,1,1,1
5,51.2,2,2,0,0,0
33,85.14,1,1,0,0,0
30,79.64,0,4,1,1,0
13,78.48,1,4,1,1,0
15,95.71,1,2,1,1,1
37,94.18,2,1,1,1,0
4,72.96,1,1,0,0,0
8,60.71,1,4,0,1,0
30,73.82,4,3,0,0,0
70,68.21,3,3,1,0,0
20,114.23,2,2,1,0,1
41,66.16,1,2,0,1,0
3,68.64,3,4,0,0,0
8,80.34,1,2,0,0,0
33,110.22,1,4,1,0,0
62,98.4,0,4,1,0,0
48,58.4,3,4,1,0,0
35,33.35,1,3,0,0,0
60,57.96,1,2,1,1,0
2,79.47,2,3,0,1,1
9,74.39,1,2,1,0,1
38,79.11,1,3,1,0,0
39,59.17,1,1,0,0,0
63,72.51,1,3,0,0,0
50,34.37,0,2,1,1,1
19,65.14,2,2,1,0,1
56,109.0,3,3,1,1,1
26,92.73,2,4,1,0,0
46,66.26,2,2,1,0,0
44,68.74,3,3,1,0,0
9,84.42,2,4,0,0,1
71,124.54,3,4,1,0,0
22,104.7,0,1,0,0,0
31,48.1,2,1,0,1,0
51,71.29,1,4,1,0,0
5,81.15,4,4,0,0,0
16,89.35,1,3,1,0,0
9,63.7,6,1,1,0,1
49,61.68,0,4,1,1,0
61,30.77,2,2,1,0,0
64,105.41,0,1,0,0,0
52,81.53,1,1,0,1,0
20,91.07,0,2,0,0,0
69,67.33,3,2,1,0,0
66,99.96,1,1,0,0,0
55,41.48,0,2,1,0,0
51,109.21,1,3,1,0,0
64,81.03,1,4,0,0,0
30,119.55,1,3,1,0,1
63,81.92,1,4,0,0,0
6,46.08,2,1,1,0,1
25,90.9,2,3,1,1,1
54,86.71,2,3,1,0,0
45,65.21,5,2,0,0,1
44,147.85,2,3,1,0,1
24,80.7,1,1,1,0,1
46,90.36,4,4,1,0,1
59,80.61,2,3,0,1,0
9,77.86,1,4,1,0,0
38,107.11,1,1,0,0,0
41,76.2,1,3,1,0,0
45,90.69,2,1,0,0,0
24,88.45,0,2,1,1,0
52,95.83,1,3,1,0,0
11,81.13,0,4,1,1,0
43,72.55,1,3,1,0,0
55,77.31,1,4,1,1,0
50,69.97,0,4,1,1,0
14,71.51,1,1,1,0,1
62,74.01,3,1,1,0,0
45,93.85,0,3,1,1,0
2,94.32,1,4,0,0,0
60,93.15,0,2,1,0,0
21,88.62,2,4,1,0,0
41,51.54,2,4,0,0,0
26,81.21,0,2,0,1,0
46,46.2,1,4,0,0,0
43,89.55,3,3,1,1,1
9,57.38,2,4,1,0,1
67,87.37,1,3,0,0,0
10,66.99,1,3,0,1,0
32,99.59,0,2,1,0,1
47,66.5,0,1,1,0,0
1,117.05,1,3,1,1,1
18,85.02,1,2,0,1,0
15,68.1,1,4,0,1,0
35,45.85,1,3,1,1,0
5,92.13,1,1,0,1,1
35,79.18,2,1,0,1,0
35,87.54,2,4,1,0,0
11,61.26,2,2,0,1,1
70,83.42,1,4,0,1,0
42,94.72,1,1,1,0,0
71,106.38,0,2,1,1,0
40,39.22,3,4,1,0,0
14,41.3,2,2,0,0,0
30,107.55,3,1,1,0,0
14,64.0,1,2,0,0,0
6,62.31,1,3,1,0,0
59,68.48,0,4,0,1,0
58,73.07,0,3,1,1,0
41,93.7,0,2,1,0,0
28,50.56,0,4,1,0,0
35,67.73,1,4,1,0,0
35,86.02,1,3,1,0,0
9,47.61,1,3,1,1,0
56,89.22,1,2,1,1,1
54,85.6,2,2,1,0,1
22,55.44,1,2,0,1,1
60,44.91,1,2,0,0,0
10,105.23,0,4,1,0,1
40,35.07,0,2,0,1,0
49,49.75,1,1,0,1,0
44,105.63,0,2,0,0,0
43,89.38,1,3,0,0,0
36,43.7,1,3,0,0,0
30,81.8,0,4,1,1,0
24,51.37,3,3,1,0,0
14,47.32,1,3,1,0,0
52,55.52,1,4,0,0,0
67,78.67,2,3,0,0,0
71,45.76,0,3,1,0,0
18,49.35,2,2,1,0,1
51,73.29,1,2,1,0,1
46,68.19,0,1,1,1,0
65,53.34,0,1,0,0,0
20,64.95,2,2,1,0,0
69,62.02,1,1,0,1,0
70,80.1,5,1,1,1,1
55,110.55,3,1,1,0,1
22,81.57,3,2,1,0,0
35,93.84,1,1,0,0,0
9,44.52,2,4,0,1,0
8,69.44,0,2,1,0,1
1,89.35,1,3,1,0,1
40,73.6,1,2,0,0,0
27,64.63,2,2,0,0,0
15,52.17,4,2,0,0,0
31,16.68,0,2,0,0,0
43,84.99,3,2,1,0,1
30,80.98,2,4,1,0,0
10,50.38,2,1,1,0,1
36,83.26,0,1,1,0,1
46,59.15,2,4,1,0,0
58,93.32,0,4,1,0,0
8,88.39,2,4,0,0,0
2,61.81,3,3,1,0,0
6,104.47,1,3,1,0,1
43,87.8,3,3,0,0,1
3,100.91,0,1,1,1,1
25,85.74,3,1,1,1,1
32,33.79,0,3,1,0,0
33,65.13,1,3,1,0,0
45,99.52,1,4,0,1,0
23,64.82,1,3,1,1,0
4,75.31,0,1,1,0,1
11,81.13,3,3,1,0,0
33,86.25,0,3,1,1,1
11,87.6,0,4,0,0,0
61,76.16,0,1,1,0,0
42,67.67,1,4,1,0,0
57,52.7,0,2,1,0,0
45,56.8,2,2,0,0,0
62,52.17,1,4,1,0,0
19,88.72,2,3,0,0,0
60,97.72,3,4,0,1,1
61,80.0,0,3,1,0,0
25,83.17,2,1,0,0,0
4,81.3,1,4,0,0,0
64,70.38,0,4,1,0,0
44,53.81,1,2,1,1,1
16,69.48,1,4,1,1,1
47,149.25,2,4,0,0,0
49,52.59,3,2,0,0,0
61,86.81,1,1,0,1,0
20,70.37,2,2,1,1,1
65,73.24,1,3,0,1,0
17,72.28,1,1,0,0,0
14,79.27,1,1,1,0,1
8,94.66,3,1,1,0,1
27,64.76,3,2,0,1,0
33,46.2,1,4,1,0,0
26,94.1,1,1,0,1,0
62,95.44,1,4,0,0,0
61,38.34,1,1,1,0,0
56,75.45,0,1,0,0,0
67,83.13,0,2,1,1,0
60,82.53,1,1,1,0,0
3,65.13,3,2,1,0,1
60,39.24,2,3,0,0,0
69,100.76,0,1,0,0,0
21,76.32,1,4,1,1,1
68,93.66,1,2,0,1,0
64,126.05,1,2,0,0,0
11,84.6,0,1,1,1,1
68,64.23,2,1,0,1,0
3,87.73,1,1,0,0,1
7,74.28,1,3,0,1,0
2,57.38,1,4,1,1,0
3,69.4,1,4,0,0,0
18,54.75,2,1,1,1,1
2,75.95,1,2,1,0,1
9,81.87,0,4,1,0,1
11,95.01,2,4,1,1,0
49,71.28,0,4,1,0,0
21,78.74,2,3,1,0,1
12,57.17,0,3,1,0,1
17,110.97,0,3,1,1,0
15,72.21,0,2,0,0,1
22,91.96,2,4,1,0,0
52,60.09,1,2,0,0,0
24,60.74,2,1,1,0,1
14,71.25,1,4,1,0,1
23,65.37,0,1,1,0,0
20,73.69,1,4,0,0,0
6,65.28,1,1,1,0,0
15,26.75,1,1,1,1,0
38,60.31,0,2,0,0,1
