CustomerID,tenure_months,MonthlyCharges,plan,support_tickets,contract,Region,signup_date,churned
C100000,68,106.0,premium,1,annual,North,02/07/2025,1
C100001,45,56.05,standard,1,monthly,North,05/09/2025,0
C100002,49,28.81,basic,0,monthly,West,16/04/2025,0
C100003,64,43.13,basic,0,monthly,East,16/08/2024,0
C100004,42,36.12,basic,1,monthly,South,09/11/2024,1
C100005,56,26.18,basic,-1,annual,North,04/06/2024,0
C100006,60,31.96,basic,1,monthly,West,30/09/2025,0
C100007,16,28.95,basic,2,annual,West,10/05/2024,0
C100008,4,97.37,premium,2,annual,South,12/03/2025,1
C100009,22,35.88,basic,1,annual,North,28/06/2024,0
C100010,21,104.2,premium,3,monthly,West,31/01/2024,1
C100011,63,65.68,standard,2,monthly,East,15/06/2024,0
C100012,65,82.49,premium,0,monthly,South,02/11/2024,1
C100013,1,38.26,basic,0,monthly,South,31/12/2024,1
C100014,36,42.18,basic,3,annual,East,07/05/2024,1
C100015,59,63.65,standard,2,annual,East,17/09/2024,0
C100016,10,43.24,basic,1,monthly,North,23/09/2024,1
C100017,57,30.6,basic,0,monthly,West,09/11/2025,0
C100018,9,52.39,standard,3,annual,North,30/03/2025,0
C100019,34,67.44,standard,-1,annual,South,22/05/2024,0
C100020,58,26.48,basic,2,monthly,West,08/03/2024,1
C100021,22,17.72,basic,0,monthly,West,20/10/2025,0
C100022,25,103.2,premium,1,monthly,East,04/04/2024,1
C100023,20,29.21,basic,1,monthly,West,23/08/2024,0
C100024,52,57.55,standard,2,monthly,North,05/04/2024,1
C100025,19,23.82,basic,2,annual,East,04/12/2024,1
C100026,71,84.4,premium,0,monthly,North,01/02/2025,0
C100027,32,25.75,basic,3,annual,East,02/11/2025,0
C100028,34,57.11,standard,0,monthly,West,19/10/2024,1
C100029,36,37.96,basic,-1,monthly,South,30/06/2025,0
C100030,42,41.62,standard,0,annual,East,28/11/2024,0
C100031,40,101.02,premium,0,annual,West,24/10/2025,0
C100032,37,25.54,basic,1,annual,South,23/06/2024,0
C100033,71,26.47,basic,0,monthly,South,12/01/2025,0
C100034,58,65.42,standard,0,monthly,South,05/03/2024,0
C100035,57,59.4,standard,2,monthly,North,10/08/2024,0
C100036,50,22.71,basic,2,monthly,East,01/02/2025,1
C100037,45,74.76,standard,1,annual,East,17/04/2025,0
C100038,25,53.12,standard,1,monthly,South,10/02/2024,1
C100039,71,96.98,premium,1,monthly,West,24/04/2025,1
C100040,34,36.6,basic,0,monthly,West,24/11/2025,0
C100041,16,,standard,2,monthly,West,30/01/2024,1
C100042,61,56.35,standard,2,monthly,East,11/04/2024,1
C100043,12,68.06,standard,1,monthly,East,15/03/2024,1
C100044,61,29.06,basic,0,annual,North,18/09/2025,0
C100045,44,68.98,standard,4,monthly,north,24/10/2025,1
C100046,9,53.9,standard,0,annual,South,06/08/2024,0
C100047,4,32.1,basic,2,monthly,East,19/05/2025,1
C100048,32,50.17,basic,2,monthly,West,07/06/2025,1
C100049,3,97.54,premium,0,monthly,East,30/07/2025,1
C100050,11,60.88,standard,0,annual,North,12/09/2024,0
C100051,37,52.94,basic,1,monthly,West,11/05/2024,1
C100052,69,62.89,standard,0,monthly,East,20/07/2024,0
C100053,34,28.47,basic,1,monthly,West,13/11/2025,0
C100054,58,65.88,standard,0,monthly,South,25/08/2025,0
C100055,66,85.55,premium,2,monthly,East,29/07/2024,0
C100056,59,44.03,basic,2,annual,West,29/03/2024,0
C100057,45,44.65,basic,1,annual,West,08/04/2024,0
C100058,32,30.42,basic,0,monthly,West,07/10/2025,0
C100059,37,29.98,basic,1,annual,East,08/09/2024,1
C100060,19,36.41,basic,1,monthly,North,20/10/2025,1
C100061,36,35.11,basic,1,annual,West,03/09/2024,1
C100062,27,27.18,basic,1,monthly,South,07/06/2025,1
C100063,18,39.54,basic,0,monthly,East,10/02/2024,0
C100064,71,43.66,standard,1,monthly,South,27/06/2024,0
C100065,1,31.54,basic,1,monthly,North,15/08/2025,1
C100066,7,56.77,standard,2,annual,West,04/09/2024,1
C100067,14,92.81,premium,1,monthly,East,01/09/2025,1
C100068,69,37.46,basic,0,monthly,South,27/02/2024,0
C100069,50,50.18,standard,2,monthly,West,18/05/2024,0
C100070,63,,standard,0,annual,West,31/03/2025,0
C100071,15,,basic,0,monthly,South,20/01/2025,0
C100072,52,29.8,basic,0,monthly,South,05/05/2025,0
C100073,27,84.07,premium,1,monthly,North,01/09/2025,1
C100074,35,50.54,standard,1,annual,South,30/03/2024,0
C100075,1,97.88,premium,0,monthly,South,21/09/2024,1
C100076,44,27.29,basic,0,monthly,West,06/05/2024,1
C100077,59,60.51,standard,0,annual,West,22/12/2024,0
C100078,48,103.5,premium,0,monthly,South,10/07/2024,0
C100079,11,103.26,premium,2,monthly,North,19/06/2024,1
C100080,38,47.48,basic,4,annual,East,31/07/2024,0
C100081,19,57.63,standard,1,annual,North,23/11/2024,0
C100082,69,26.32,basic,3,monthly,East,26/07/2025,0
C100083,63,,standard,2,annual,West,06/08/2024,0
C100084,14,37.48,basic,0,monthly,South,10/08/2025,1
C100085,37,,basic,0,monthly,north,30/07/2025,0
C100086,67,95.09,premium,5,annual,East,29/05/2025,0
C100087,61,69.57,standard,1,annual,West,21/04/2024,1
C100088,51,66.77,standard,1,annual,South,10/06/2024,0
C100089,46,100.73,premium,2,monthly,West,24/01/2024,1
C100090,3,39.03,basic,2,monthly,South,11/01/2025,0
C100091,53,38.18,basic,1,monthly,East,22/09/2025,0
C100092,34,36.86,basic,3,monthly,South,12/10/2025,1
C100093,7,36.81,basic,2,annual,East,30/04/2024,0
C100094,18,42.92,basic,0,monthly,North,03/12/2024,0
C100095,39,55.9,standard,1,annual,East,19/01/2025,0
C100096,52,108.89,premium,0,annual,West,22/11/2025,1
C100097,37,59.15,standard,2,monthly,East,11/05/2025,1
C100098,44,67.88,standard,3,annual,South,05/07/2024,0
C100099,62,34.28,basic,0,monthly,South,16/08/2024,0
C100100,49,58.03,standard,1,annual,West,07/05/2025,0
C100101,26,76.26,standard,0,monthly,North,12/10/2025,1
C100102,46,57.53,standard,1,monthly,East,24/02/2025,0
C100103,43,84.78,premium,1,annual,East,24/08/2024,1
C100104,8,54.29,standard,3,monthly,East,16/05/2024,0
C100105,5,32.46,basic,0,annual,East,17/05/2024,0
C100106,47,77.24,standard,0,annual,West,28/04/2024,0
C100107,28,61.65,standard,1,annual,West,15/02/2024,0
C100108,43,42.48,basic,1,monthly,South,01/11/2025,1
C100109,23,51.99,standard,0,monthly,South,21/09/2025,1
C100110,17,97.82,premium,1,monthly,North,19/09/2024,1
C100111,11,40.37,basic,1,monthly,South,31/05/2024,1
C100112,28,74.41,standard,3,monthly,West,26/01/2025,1
C100113,58,54.43,standard,1,annual,North,20/09/2025,0
C100114,29,39.83,basic,2,annual,North,31/12/2024,0
C100115,27,37.42,basic,1,monthly,North,15/11/2024,0
C100116,41,26.83,basic,0,annual,South,21/08/2025,0
C100117,70,59.84,standard,1,monthly,North,15/10/2025,0
C100118,28,57.89,standard,1,annual,north,08/11/2025,0
C100119,42,41.4,standard,3,annual,East,01/03/2024,0
C100120,32,39.79,basic,0,annual,West,03/10/2024,0
C100121,43,99.32,premium,1,annual,West,21/08/2025,0
C100122,32,91.49,premium,1,annual,South,30/04/2024,1
C100123,46,24.29,basic,0,annual,North,16/11/2025,0
C100124,39,46.84,basic,2,monthly,West,29/06/2025,1
C100125,49,37.13,basic,0,monthly,North,12/05/2025,0
C100126,68,103.13,premium,1,monthly,North,27/04/2025,0
C100127,11,106.28,premium,2,annual,East,03/04/2024,1
C100128,40,30.83,basic,2,monthly,West,18/12/2024,0
C100129,32,41.5,basic,1,annual,South,29/11/2025,0
C100130,26,33.07,basic,2,monthly,East,14/09/2024,1
C100131,18,59.5,standard,3,annual,North,14/07/2025,0
C100132,4,94.32,premium,1,annual,South,03/03/2025,1
C100133,29,34.99,basic,2,annual,north,27/05/2024,1
C100134,59,43.91,basic,0,monthly,West,28/07/2024,1
C100135,7,60.99,standard,1,annual,North,10/11/2025,1
C100136,29,58.77,standard,2,monthly,West,17/04/2024,0
C100137,69,57.79,standard,0,annual,South,01/03/2024,0
C100138,68,37.73,basic,1,monthly,South,30/03/2024,0
C100139,16,27.84,basic,1,monthly,West,31/03/2024,1
C100140,1,30.98,basic,1,annual,South,07/01/2025,0
C100141,48,94.58,premium,2,annual,West,11/01/2024,1
C100142,2,55.47,standard,3,annual,North,26/11/2025,1
C100143,22,34.05,basic,1,monthly,West,18/02/2025,0
C100144,36,90.11,premium,2,annual,West,09/05/2025,1
C100145,63,51.03,basic,0,annual,East,09/10/2024,0
C100146,7,70.63,standard,1,annual,West,23/10/2024,1
C100147,48,38.6,basic,2,monthly,North,01/03/2024,1
C100148,38,,premium,4,monthly,North,26/08/2024,0
C100149,10,52.53,basic,1,monthly,North,11/12/2024,0
C100150,61,62.58,standard,1,monthly,East,29/02/2024,1
C100151,61,59.31,standard,1,monthly,East,08/09/2025,0
C100152,35,62.43,standard,4,monthly,South,14/12/2024,1
C100153,68,37.45,basic,1,annual,East,05/03/2024,1
C100154,44,,basic,0,annual,West,01/08/2024,0
C100155,65,34.85,basic,3,monthly,North,23/03/2025,0
C100156,69,51.79,basic,2,monthly,North,26/04/2025,0
C100157,41,27.94,basic,2,annual,North,28/04/2024,1
C100158,20,40.55,basic,6,annual,West,03/09/2024,1
C100159,11,51.99,standard,1,annual,South,23/12/2024,1
C100160,40,49.54,basic,2,monthly,West,28/07/2025,0
C100161,14,57.36,standard,0,monthly,South,27/08/2024,1
C100162,54,,basic,3,annual,East,16/04/2025,0
C100163,66,42.39,basic,-1,monthly,South,12/07/2024,1
C100164,18,45.04,basic,0,monthly,South,28/01/2025,0
C100165,40,51.1,standard,0,annual,South,09/01/2024,0
C100166,4,32.23,basic,1,monthly,North,27/01/2025,0
C100167,13,23.84,basic,1,monthly,West,08/02/2025,0
C100168,27,61.1,standard,1,monthly,South,25/07/2025,0
C100169,63,34.19,basic,2,annual,South,06/11/2024,0
C100170,69,92.21,premium,3,monthly,East,17/04/2024,1
C100171,46,89.52,premium,3,annual,West,28/04/2025,1
C100172,42,31.91,basic,0,monthly,South,12/06/2025,0
C100173,41,54.03,standard,1,monthly,East,09/05/2024,0
C100174,5,39.23,basic,0,monthly,East,31/08/2025,0
C100175,27,47.13,basic,0,monthly,South,19/11/2025,0
C100176,70,19.55,basic,2,annual,north,19/10/2024,0
C100177,30,59.07,standard,1,monthly,West,14/01/2024,0
C100178,16,91.65,premium,4,annual,North,21/05/2025,1
C100179,18,38.94,basic,0,annual,East,17/05/2024,1
C100180,51,,standard,2,monthly,West,09/03/2024,1
C100181,3,58.83,standard,3,monthly,West,25/03/2025,1
C100182,69,26.68,basic,2,monthly,South,08/05/2025,0
C100183,63,100.57,premium,0,monthly,North,03/04/2024,0
C100184,41,60.79,standard,3,annual,North,16/03/2024,0
C100185,34,33.71,basic,0,monthly,West,01/07/2024,0
C100186,55,97.96,premium,2,annual,West,15/07/2024,0
C100187,39,,basic,1,monthly,East,17/12/2024,1
C100188,34,22.57,basic,1,monthly,North,11/01/2024,0
C100189,23,39.77,basic,1,monthly,South,13/06/2025,0
C100190,32,97.31,premium,1,annual,West,17/05/2025,0
C100191,54,,basic,1,monthly,South,28/08/2025,1
C100192,4,102.88,premium,0,annual,West,03/08/2025,0
C100193,2,69.75,standard,1,monthly,North,09/08/2024,1
C100194,52,26.26,basic,2,monthly,north,18/02/2025,0
C100195,27,53.75,standard,0,annual,North,05/04/2025,1
C100196,58,72.38,standard,3,annual,South,10/04/2025,0
C100197,3,71.35,standard,2,annual,North,17/01/2024,1
C100198,65,54.09,standard,0,monthly,West,10/06/2025,0
C100199,9,50.55,standard,1,monthly,South,15/09/2025,1
C100200,30,89.9,premium,0,annual,South,14/08/2024,1
C100201,69,31.02,basic,2,monthly,East,15/04/2025,0
C100202,8,82.33,premium,1,monthly,South,12/05/2024,1
C100203,47,35.25,basic,2,annual,South,23/09/2025,0
C100204,52,49.76,standard,1,monthly,South,23/04/2024,1
C100205,31,85.32,premium,0,annual,North,27/05/2024,0
C100206,6,102.33,premium,1,annual,South,06/08/2024,1
C100207,38,29.53,basic,0,monthly,North,13/12/2024,0
C100208,31,59.43,standard,1,monthly,North,15/12/2024,1
C100209,62,100.03,premium,1,monthly,North,04/06/2025,1
C100210,49,101.51,premium,1,monthly,East,02/06/2025,0
C100211,25,32.3,basic,1,monthly,North,18/01/2024,0
C100212,5,95.35,premium,4,monthly,South,02/09/2024,1
C100213,42,28.4,basic,2,monthly,South,11/08/2025,0
C100214,20,48.98,basic,1,monthly,South,21/07/2024,1
C100215,49,65.2,standard,1,monthly,East,10/05/2025,0
C100216,62,51.17,standard,0,annual,South,21/08/2024,0
C100217,26,35.03,basic,0,monthly,North,05/07/2025,1
C100218,65,40.71,basic,1,monthly,West,28/02/2025,0
C100219,37,38.84,basic,1,annual,West,23/04/2024,0
C100220,38,49.63,basic,1,annual,South,19/10/2024,1
C100221,55,45.98,basic,1,annual,West,27/06/2025,0
C100222,57,55.69,standard,1,annual,South,25/04/2024,0
C100223,65,59.29,standard,2,monthly,East,31/01/2025,1
C100224,71,,standard,1,annual,West,24/11/2025,0
C100225,11,999.0,premium,1,monthly,North,14/04/2024,1
C100226,30,36.21,basic,2,monthly,North,24/10/2024,1
C100227,67,56.63,basic,0,annual,North,02/04/2024,0
C100228,22,35.78,basic,1,annual,West,05/04/2025,1
C100229,1,18.25,basic,1,monthly,East,23/08/2025,0
C100230,41,54.62,standard,1,monthly,South,08/03/2025,1
C100231,54,35.9,basic,1,annual,West,05/10/2024,0
C100232,53,24.95,basic,0,annual,East,13/02/2024,0
C100233,58,53.06,standard,1,monthly,West,09/07/2024,0
C100234,46,32.07,basic,1,monthly,West,23/08/2025,0
C100235,10,,basic,0,monthly,East,14/09/2024,0
C100236,61,58.68,standard,1,annual,North,28/01/2024,0
C100237,30,52.89,standard,1,monthly,West,24/04/2025,0
C100238,61,41.3,basic,0,annual,North,02/06/2024,0
C100239,58,55.68,standard,1,monthly,North,05/04/2024,0
C100240,69,31.01,basic,1,monthly,North,03/01/2024,0
C100241,2,23.96,basic,1,annual,East,23/04/2024,1
C100242,62,53.71,standard,2,annual,East,22/10/2025,0
C100243,45,40.21,basic,0,annual,South,30/03/2025,0
C100244,35,22.06,basic,1,monthly,East,14/11/2025,0
C100245,57,59.43,standard,0,monthly,North,18/09/2025,0
C100246,68,65.74,standard,0,monthly,North,12/11/2025,0
C100247,37,31.98,basic,3,monthly,East,15/04/2025,1
C100248,7,61.92,standard,2,monthly,West,18/01/2024,1
C100249,52,26.07,basic,4,annual,East,23/10/2025,0
C100250,17,,premium,0,monthly,East,08/11/2024,1
C100251,17,43.81,basic,0,annual,West,17/07/2024,0
C100252,14,36.88,basic,3,annual,South,16/06/2025,0
C100253,15,20.96,basic,0,monthly,North,04/09/2024,1
C100254,65,86.63,premium,1,monthly,South,11/09/2024,0
C100255,26,42.81,basic,0,monthly,South,17/09/2024,0
C100256,8,73.7,standard,0,monthly,East,16/07/2024,1
C100257,13,97.37,premium,2,monthly,North,08/09/2024,1
C100258,29,104.98,premium,-1,annual,East,21/09/2024,1
C100259,25,30.14,basic,2,annual,North,07/07/2024,0
C100260,23,58.48,standard,2,monthly,South,16/06/2025,1
C100261,68,60.01,standard,3,monthly,South,08/07/2025,1
C100262,62,63.38,standard,0,annual,West,28/01/2025,0
C100263,41,22.77,basic,2,monthly,South,17/07/2024,0
C100264,71,42.53,basic,1,monthly,South,21/11/2024,0
C100265,25,45.58,basic,1,annual,West,18/10/2024,0
C100266,10,25.81,basic,3,annual,North,16/11/2024,0
C100267,20,49.16,standard,1,annual,South,26/11/2024,0
C100268,7,37.8,basic,2,monthly,South,12/06/2024,1
C100269,68,29.77,basic,0,annual,South,28/11/2025,1
C100270,16,16.03,basic,3,monthly,North,18/04/2025,0
C100271,32,41.47,basic,3,monthly,North,18/08/2024,0
C100272,15,36.24,basic,3,monthly,North,09/09/2024,1
C100273,70,91.19,premium,3,monthly,North,28/04/2025,0
C100274,12,51.91,basic,0,monthly,north,14/04/2025,0
C100275,37,36.11,basic,2,monthly,North,17/08/2024,0
C100276,68,53.97,standard,1,annual,South,18/08/2024,1
C100277,38,35.81,basic,2,annual,East,14/07/2025,0
C100278,64,26.68,basic,1,monthly,South,11/03/2024,0
C100279,64,88.91,premium,1,monthly,South,28/09/2024,0
C100280,55,98.09,premium,1,annual,South,18/05/2025,0
C100281,53,55.57,standard,0,monthly,South,16/01/2024,0
C100282,41,31.39,basic,1,monthly,North,23/10/2025,1
C100283,42,48.35,basic,3,annual,East,01/01/2025,0
C100284,60,41.88,basic,1,monthly,South,02/08/2024,0
C100285,31,41.42,basic,1,monthly,North,24/08/2024,0
C100286,68,39.23,basic,1,annual,South,30/08/2024,0
C100287,63,38.87,basic,1,monthly,West,04/07/2024,0
C100288,27,71.65,standard,1,monthly,East,31/05/2025,0
C100289,30,34.84,basic,1,annual,North,23/07/2024,1
C100290,51,49.84,basic,0,annual,East,17/12/2024,0
C100291,66,87.39,premium,2,annual,South,02/01/2024,0
C100292,7,32.96,basic,3,monthly,West,23/02/2024,1
C100293,5,23.97,basic,1,monthly,West,26/05/2025,1
C100294,18,32.25,basic,2,monthly,North,25/09/2024,0
C100295,31,64.15,standard,4,monthly,North,18/01/2025,1
C100296,12,71.61,standard,2,monthly,West,23/08/2024,0
C100297,37,54.69,standard,2,monthly,North,21/03/2025,0
C100298,39,60.04,standard,0,monthly,north,13/09/2025,0
C100299,68,32.13,basic,0,monthly,South,02/02/2025,0
C100300,53,29.09,basic,1,monthly,North,15/12/2024,0
C100301,18,50.48,standard,2,annual,East,23/09/2024,1
C100302,56,95.49,premium,1,annual,West,09/05/2025,0
C100303,58,81.14,premium,0,monthly,South,17/11/2024,1
C100304,49,60.88,standard,3,annual,North,07/03/2024,0
C100305,49,60.17,standard,2,monthly,North,29/11/2024,1
C100306,23,29.74,basic,0,monthly,North,23/10/2025,0
C100307,51,86.91,premium,1,monthly,East,04/10/2025,0
C100308,10,23.93,basic,0,annual,East,12/11/2024,1
C100309,45,49.97,basic,0,annual,East,31/08/2024,0
C100310,66,49.26,standard,1,annual,East,21/11/2025,1
C100311,69,107.46,premium,1,monthly,South,16/04/2024,0
C100312,22,64.8,standard,2,annual,West,21/11/2024,1
C100313,24,57.09,standard,3,monthly,East,28/02/2024,1
C100314,44,25.74,basic,0,annual,South,29/12/2024,0
C100315,29,43.34,basic,0,annual,West,24/08/2024,0
C100316,52,108.84,premium,3,annual,North,08/04/2025,1
C100317,15,87.53,premium,0,monthly,East,04/02/2025,0
C100318,12,32.61,basic,1,monthly,North,26/07/2024,1
C100319,4,103.41,premium,2,monthly,South,11/02/2025,0
C100320,34,37.69,basic,2,annual,East,04/01/2025,0
C100321,16,51.0,basic,1,annual,East,24/05/2025,1
C100322,22,55.44,standard,1,annual,West,30/12/2024,1
C100323,65,39.34,basic,1,monthly,East,06/04/2025,0
C100324,58,24.99,basic,0,monthly,North,18/10/2024,1
C100325,60,51.77,basic,2,monthly,North,28/02/2024,0
C100326,43,54.16,standard,2,annual,West,06/07/2025,0
C100327,8,42.34,standard,1,annual,West,29/09/2024,0
C100328,54,93.99,premium,1,monthly,West,10/03/2024,1
C100329,43,93.88,premium,0,monthly,North,16/09/2024,1
C100330,65,50.32,basic,1,annual,North,27/06/2025,1
C100331,35,32.29,basic,2,monthly,East,20/03/2024,0
C100332,13,94.9,premium,0,monthly,West,18/06/2024,0
C100333,43,64.75,standard,0,monthly,South,15/02/2025,1
C100334,33,47.69,basic,1,annual,East,19/02/2024,0
C100335,47,34.49,basic,1,monthly,West,26/06/2025,1
C100336,27,103.32,premium,4,monthly,West,29/12/2024,1
C100337,22,64.14,standard,2,annual,East,31/01/2024,1
C100338,9,32.63,basic,1,monthly,West,29/09/2024,1
C100339,69,60.62,standard,3,annual,West,05/01/2025,0
C100340,54,999.0,standard,1,monthly,East,14/03/2024,0
C100341,34,27.67,basic,0,monthly,South,24/03/2024,0
C100342,17,104.71,premium,0,monthly,North,05/09/2024,1
C100343,45,,premium,1,monthly,North,27/06/2025,0
C100344,30,44.37,basic,0,annual,North,24/11/2024,0
C100345,46,42.64,basic,0,annual,West,25/01/2025,0
C100346,7,34.26,basic,1,monthly,West,17/10/2024,0
C100347,14,88.88,premium,3,monthly,West,16/02/2024,1
C100348,53,58.19,standard,1,monthly,South,21/07/2024,0
C100349,5,63.78,standard,0,annual,East,27/12/2024,0
C100350,49,65.94,standard,0,annual,South,06/07/2025,1
C100351,30,37.3,basic,1,monthly,West,17/06/2024,0
C100352,1,102.94,premium,0,monthly,North,22/01/2024,0
C100353,55,30.54,basic,1,monthly,East,25/05/2024,1
C100354,50,61.88,standard,2,monthly,South,23/09/2025,1
C100355,58,22.45,basic,-1,monthly,West,12/04/2025,0
C100356,64,,standard,0,monthly,South,29/09/2024,0
C100357,52,96.23,premium,1,monthly,North,10/10/2024,1
C100358,60,56.68,standard,0,annual,South,09/09/2024,0
C100359,9,44.29,basic,2,annual,West,11/10/2025,1
C100360,66,40.53,basic,1,annual,South,07/03/2024,0
C100361,65,37.47,standard,1,annual,West,03/10/2025,0
C100362,50,35.32,basic,1,monthly,North,06/08/2024,0
C100363,57,23.36,basic,1,monthly,West,20/08/2025,0
C100364,53,43.53,basic,0,monthly,South,20/02/2025,0
C100365,63,79.91,standard,1,monthly,South,14/10/2024,0
C100366,64,30.85,basic,2,monthly,North,03/08/2025,0
C100367,38,60.6,standard,2,monthly,East,25/09/2025,0
C100368,58,32.99,basic,2,monthly,East,01/01/2025,0
C100369,66,62.81,standard,0,monthly,West,20/02/2024,1
C100370,22,,basic,1,annual,East,04/11/2025,0
C100371,4,105.3,premium,1,annual,north,27/06/2025,1
C100372,13,87.1,premium,1,annual,north,28/10/2024,1
C100373,3,72.57,standard,0,monthly,South,08/09/2024,1
C100374,31,52.55,standard,2,monthly,West,22/01/2024,0
C100375,2,97.22,premium,1,annual,South,28/08/2025,1
C100376,19,44.27,basic,1,monthly,South,03/10/2024,1
C100377,18,100.71,premium,1,annual,West,21/01/2024,0
C100378,51,27.49,basic,1,annual,East,20/02/2024,0
C100379,18,54.38,standard,0,annual,East,06/02/2025,1
C100380,68,31.3,basic,0,annual,West,26/07/2025,0
C100381,14,59.59,standard,0,monthly,North,18/02/2024,0
C100382,69,104.18,premium,0,monthly,West,10/09/2025,1
C100383,41,24.67,basic,0,annual,South,25/07/2024,0
C100384,18,98.73,premium,1,monthly,South,06/03/2024,1
C100385,3,64.88,standard,2,monthly,East,30/01/2025,1
C100386,22,39.47,basic,3,monthly,north,27/04/2024,1
C100387,42,38.73,basic,1,monthly,North,07/04/2024,1
C100388,8,47.15,basic,-1,monthly,East,08/03/2024,1
C100389,12,38.9,basic,1,annual,South,30/04/2025,0
C100390,9,66.86,standard,1,monthly,South,08/12/2024,0
C100391,49,39.51,basic,2,annual,East,24/12/2024,0
C100392,7,74.34,standard,1,monthly,South,24/06/2024,1
C100393,2,79.8,premium,0,monthly,North,05/06/2024,0
C100394,33,105.26,premium,0,annual,West,21/08/2024,0
C100395,23,92.91,premium,0,monthly,South,11/01/2025,1
C100396,41,92.75,premium,1,monthly,East,18/08/2024,1
C100397,67,,basic,0,monthly,West,08/11/2024,1
C100398,61,80.05,premium,0,annual,North,31/03/2024,1
C100399,39,31.94,basic,2,annual,North,24/01/2024,0
C100400,46,89.5,premium,-1,monthly,East,29/07/2025,1
C100401,58,98.95,premium,1,annual,North,11/05/2025,0
C100402,32,48.22,standard,2,monthly,East,24/10/2025,0
C100403,47,71.45,standard,2,monthly,West,15/05/2025,1
C100404,16,37.18,basic,0,annual,West,28/07/2025,0
C100405,44,58.02,standard,2,monthly,East,29/09/2025,1
C100406,17,29.32,basic,0,annual,West,18/02/2025,0
C100407,14,28.7,basic,0,monthly,South,21/10/2025,0
C100408,55,25.96,basic,1,monthly,East,24/08/2025,0
C100409,41,90.65,premium,2,annual,West,16/09/2024,1
C100410,27,95.05,premium,1,monthly,South,31/03/2025,1
C100411,3,33.58,basic,1,monthly,North,26/03/2025,0
C100412,17,23.68,basic,1,monthly,West,13/04/2025,1
C100413,57,32.87,basic,0,monthly,North,01/03/2025,1
C100414,34,27.85,basic,1,annual,North,24/08/2025,0
C100415,69,36.28,basic,1,annual,West,06/02/2024,0
C100416,64,74.92,standard,1,monthly,East,30/01/2024,0
C100417,61,40.0,basic,1,monthly,East,21/05/2025,0
C100418,2,32.5,basic,2,monthly,East,09/05/2024,1
C100419,4,22.0,basic,0,annual,South,09/07/2024,0
C100420,42,48.68,standard,1,monthly,West,25/12/2024,1
C100421,25,21.51,basic,0,monthly,East,24/10/2024,0
C100422,60,40.81,basic,3,monthly,South,23/04/2025,0
C100423,23,53.88,standard,1,annual,North,10/03/2025,0
C100424,11,95.5,premium,0,monthly,South,19/09/2025,0
C100425,9,30.02,basic,2,annual,South,19/12/2024,1
C100426,22,60.73,standard,1,monthly,West,29/06/2024,1
C100427,45,46.21,basic,0,monthly,East,14/07/2024,0
C100428,9,89.52,premium,2,annual,West,14/07/2024,0
C100429,57,32.27,basic,2,annual,West,03/09/2025,0
C100430,22,53.55,standard,3,monthly,East,16/05/2024,1
C100431,23,102.0,premium,0,annual,South,06/03/2024,1
C100432,48,51.79,standard,0,monthly,North,15/02/2025,1
C100433,62,25.94,basic,2,annual,North,25/02/2025,0
C100434,31,23.9,basic,1,annual,South,18/06/2025,0
C100435,57,83.73,premium,4,monthly,North,09/05/2024,0
C100436,22,38.77,basic,1,annual,South,19/11/2025,0
C100437,10,55.55,basic,2,monthly,South,09/10/2025,1
C100438,59,87.04,premium,0,monthly,North,22/06/2025,0
C100439,55,,basic,0,monthly,East,17/10/2025,0
C100440,54,37.01,basic,0,monthly,West,25/08/2024,0
C100441,63,26.18,basic,1,monthly,East,14/05/2025,1
C100442,36,32.79,basic,3,annual,East,08/08/2024,1
C100443,15,58.14,standard,2,monthly,East,10/09/2025,1
C100444,42,54.47,standard,1,monthly,South,12/04/2024,1
C100445,41,50.44,basic,1,monthly,West,20/06/2025,0
C100446,28,19.75,basic,1,monthly,East,29/11/2024,1
C100447,46,98.05,premium,2,annual,East,02/04/2025,0
C100448,19,97.65,premium,2,monthly,north,06/08/2025,1
C100449,44,55.36,standard,2,monthly,East,07/06/2025,1
C100450,57,36.2,basic,0,monthly,South,29/08/2024,0
C100451,7,67.02,standard,0,annual,East,29/09/2025,0
C100452,33,61.22,standard,1,annual,East,11/04/2025,0
C100453,47,38.34,basic,1,annual,East,31/05/2024,0
C100454,4,100.54,premium,0,monthly,East,28/08/2024,0
C100455,45,18.74,basic,2,monthly,East,25/05/2025,0
C100456,65,71.83,standard,0,monthly,North,20/04/2025,0
C100457,59,999.0,basic,1,annual,West,05/05/2024,0
C100458,49,,standard,2,annual,West,13/10/2024,0
C100459,58,68.11,standard,2,annual,North,18/11/2024,1
C100460,26,48.73,standard,2,annual,North,01/08/2024,0
C100461,24,34.05,basic,0,monthly,East,25/08/2024,1
C100462,6,88.5,premium,1,annual,North,19/01/2024,1
C100463,52,55.3,standard,2,annual,North,19/03/2025,0
C100464,23,42.74,basic,2,annual,West,02/08/2025,1
C100465,62,28.57,basic,0,annual,North,23/03/2025,0
C100466,34,58.96,standard,2,annual,North,26/02/2024,1
C100467,64,,basic,1,annual,West,23/09/2025,1
C100468,10,58.73,standard,2,annual,West,03/05/2025,0
C100469,12,60.72,standard,0,monthly,South,10/08/2025,1
C100470,25,54.36,standard,0,annual,West,25/10/2024,0
C100471,2,89.24,premium,1,monthly,East,15/02/2024,1
C100472,35,75.09,standard,0,monthly,South,14/05/2024,0
C100473,47,50.32,standard,1,annual,North,01/05/2024,0
C100474,47,26.6,basic,1,annual,East,05/02/2024,0
C100475,16,88.53,premium,0,annual,East,01/02/2024,0
C100476,12,44.59,basic,0,annual,South,20/07/2024,0
C100477,41,76.81,standard,1,annual,North,12/05/2025,0
C100478,45,37.66,basic,2,annual,East,21/11/2024,0
C100479,68,89.26,premium,1,annual,East,30/08/2024,0
C100480,64,91.58,premium,3,monthly,East,06/02/2024,0
C100481,27,43.52,basic,1,monthly,West,13/11/2025,0
C100482,12,87.71,premium,0,annual,North,11/11/2025,1
C100483,18,71.62,standard,1,annual,East,30/05/2024,0
C100484,63,46.33,basic,2,annual,South,01/05/2024,0
C100485,33,60.56,standard,1,monthly,East,31/10/2025,0
C100486,71,40.17,basic,1,annual,East,11/10/2025,0
C100487,47,66.0,standard,0,annual,East,13/06/2025,0
C100488,43,47.43,basic,0,monthly,South,07/06/2025,0
C100489,8,26.59,basic,1,annual,South,17/06/2025,0
C100490,42,44.45,basic,0,monthly,East,18/05/2025,1
C100491,28,57.0,standard,0,monthly,West,01/03/2025,1
C100492,60,88.86,premium,2,annual,West,10/08/2025,1
C100493,10,95.82,premium,1,monthly,South,11/09/2025,1
C100494,14,33.29,basic,0,monthly,South,08/01/2025,1
C100495,48,52.1,standard,1,monthly,South,13/06/2024,0
C100496,49,22.22,basic,1,annual,West,05/02/2025,0
C100497,59,27.46,basic,2,monthly,East,31/08/2025,0
C100498,38,106.62,premium,1,annual,South,17/04/2024,1
C100499,27,50.7,basic,0,monthly,West,08/09/2025,0
C100500,22,100.2,premium,0,annual,West,17/10/2024,1
C100501,27,69.49,standard,1,monthly,East,28/02/2025,0
C100502,48,30.87,basic,0,annual,West,23/01/2024,1
C100503,39,,standard,2,monthly,East,07/04/2025,1
C100504,22,37.26,basic,0,monthly,North,21/06/2025,1
C100505,16,86.35,premium,0,annual,North,09/06/2024,1
C100506,51,27.08,basic,1,annual,West,16/05/2024,0
C100507,18,35.78,basic,0,monthly,West,09/12/2024,1
C100508,15,57.44,standard,1,monthly,South,04/03/2024,0
C100509,24,26.49,basic,1,annual,South,14/02/2025,0
C100510,61,38.09,basic,1,monthly,East,07/09/2025,0
C100511,33,57.89,standard,2,monthly,East,09/08/2024,1
C100512,43,43.17,basic,2,monthly,East,12/05/2025,0
C100513,6,59.96,standard,1,monthly,East,30/01/2024,1
C100514,25,57.6,standard,1,monthly,East,20/07/2024,0
C100515,54,96.02,premium,3,annual,West,26/10/2025,0
C100516,55,33.62,basic,2,monthly,North,09/02/2025,1
C100517,42,54.66,standard,0,annual,North,18/07/2025,0
C100518,63,91.78,premium,0,annual,West,21/09/2024,0
C100519,22,66.0,standard,-1,monthly,North,12/09/2024,1
C100520,12,65.17,standard,0,annual,North,29/04/2025,0
C100521,6,45.29,basic,2,monthly,South,07/01/2025,0
C100522,15,81.46,premium,1,monthly,South,24/03/2025,0
C100523,55,56.86,standard,0,monthly,North,17/02/2025,0
C100524,65,91.68,premium,1,monthly,North,11/03/2025,0
C100525,10,61.37,standard,1,annual,East,01/11/2025,0
C100526,36,91.38,premium,0,monthly,East,10/08/2025,1
C100527,10,30.89,basic,2,annual,North,25/01/2025,1
C100528,60,66.26,standard,0,monthly,North,24/09/2024,0
C100529,10,36.42,basic,-1,annual,North,21/05/2025,0
C100530,46,25.67,basic,1,monthly,North,23/02/2025,0
C100531,6,45.68,basic,0,monthly,East,16/07/2025,1
C100532,53,67.97,standard,1,annual,West,10/06/2025,0
C100533,65,55.41,standard,5,annual,North,11/03/2024,0
C100534,52,,premium,1,monthly,North,03/06/2025,0
C100535,20,29.12,basic,0,monthly,West,11/02/2025,0
C100536,60,44.01,basic,0,monthly,South,01/03/2024,0
C100537,22,33.26,basic,0,annual,South,12/10/2025,0
C100538,54,88.58,premium,0,monthly,West,15/05/2024,0
C100539,60,57.02,standard,0,annual,South,30/07/2025,0
C100540,35,53.87,standard,1,annual,West,29/09/2024,0
C100541,45,61.54,standard,0,annual,East,07/10/2025,0
C100542,61,61.4,standard,1,monthly,North,20/07/2025,0
C100543,14,35.29,basic,1,monthly,West,23/04/2024,1
C100544,2,30.55,basic,1,annual,West,10/02/2025,0
C100545,31,30.71,standard,2,monthly,South,28/06/2025,0
C100546,13,95.74,premium,1,monthly,East,04/09/2025,1
C100547,63,44.83,standard,0,monthly,North,14/07/2024,0
C100548,62,36.95,basic,0,monthly,North,02/12/2024,1
C100549,27,44.05,basic,1,annual,South,05/09/2025,0
C100550,22,37.19,basic,1,annual,South,20/09/2025,0
C100551,51,56.88,standard,1,monthly,West,03/07/2025,0
C100552,33,58.56,standard,1,annual,South,30/10/2024,0
C100553,7,93.94,premium,1,monthly,West,19/09/2024,1
C100554,48,30.61,basic,1,monthly,East,18/05/2025,0
C100555,52,30.33,basic,1,monthly,North,09/02/2025,0
C100556,5,52.61,standard,2,monthly,North,18/06/2024,1
C100557,56,104.51,premium,0,monthly,North,24/11/2024,1
C100558,38,59.88,standard,1,annual,West,15/01/2025,1
C100559,59,67.65,standard,1,monthly,South,20/10/2025,0
C100560,61,93.0,premium,1,monthly,South,28/01/2024,0
C100561,48,60.58,standard,1,monthly,South,22/01/2025,1
C100562,24,93.64,premium,0,annual,East,23/08/2025,0
C100563,27,38.7,basic,0,annual,East,24/02/2024,0
C100564,52,41.61,basic,0,monthly,East,29/06/2025,1
C100565,5,96.92,premium,3,monthly,East,09/01/2025,1
C100566,17,29.61,basic,0,monthly,West,18/05/2024,1
C100567,37,88.76,premium,2,monthly,East,14/01/2024,1
C100568,67,73.27,standard,1,annual,North,24/11/2025,0
C100569,54,57.76,standard,3,annual,South,05/04/2024,0
C100570,58,32.67,basic,0,monthly,North,04/08/2025,0
C100571,14,71.72,standard,1,monthly,South,09/12/2024,1
C100572,20,43.7,basic,1,monthly,East,02/07/2024,1
C100573,19,99.27,premium,1,monthly,West,19/11/2024,0
C100574,54,91.8,premium,0,monthly,West,29/05/2024,1
C100575,39,53.83,basic,2,monthly,North,18/02/2024,1
C100576,15,38.14,basic,2,annual,South,26/08/2025,0
C100577,54,,premium,2,monthly,North,26/08/2024,1
C100578,46,58.63,standard,2,annual,South,13/06/2025,0
C100579,64,23.69,basic,0,annual,North,19/07/2024,0
C100580,40,49.32,standard,0,monthly,West,21/06/2024,0
C100581,9,38.26,basic,0,monthly,West,19/07/2024,1
C100582,64,38.13,basic,2,monthly,West,27/04/2024,0
C100583,14,58.08,standard,2,annual,East,06/11/2024,1
C100584,4,85.63,premium,1,annual,North,14/07/2024,1
C100585,57,83.47,premium,0,annual,East,25/01/2024,0
C100586,32,32.38,basic,0,monthly,North,25/12/2024,0
C100587,46,48.35,standard,1,monthly,East,23/01/2024,0
C100588,10,67.19,standard,0,annual,East,30/11/2024,0
C100589,52,104.22,premium,1,annual,West,13/06/2024,1
C100590,29,57.63,basic,0,monthly,South,18/10/2025,1
C100591,71,67.03,standard,0,annual,East,16/05/2025,1
C100592,46,90.26,premium,1,monthly,West,10/07/2024,0
C100593,67,28.03,basic,2,annual,South,17/10/2025,1
C100594,57,7.39,basic,1,monthly,West,26/07/2024,0
C100595,60,55.24,standard,1,annual,North,12/06/2025,0
C100596,7,33.58,basic,2,monthly,West,09/12/2024,1
C100597,56,102.74,premium,0,annual,South,23/02/2024,0
C100598,43,39.89,basic,1,annual,South,21/09/2025,0
C100599,29,39.71,basic,2,annual,North,31/07/2025,1
C100600,23,,basic,2,annual,South,29/01/2025,1
C100601,46,,standard,1,monthly,West,27/07/2025,0
C100602,15,46.58,basic,0,annual,West,16/05/2024,0
C100603,14,,premium,1,annual,West,13/08/2025,0
C100604,63,,premium,3,annual,West,05/01/2025,0
C100605,54,83.89,premium,2,annual,South,24/05/2025,0
C100606,42,47.95,basic,2,monthly,West,05/11/2025,0
C100607,54,45.37,basic,1,annual,East,01/07/2024,0
C100608,23,41.02,basic,2,annual,North,17/05/2025,0
C100609,52,85.41,premium,1,monthly,South,12/12/2024,0
C100610,15,61.38,standard,0,monthly,West,04/08/2025,0
C100611,32,,basic,2,monthly,East,04/11/2024,1
C100612,11,60.65,standard,2,monthly,North,06/10/2025,1
C100613,27,93.5,premium,0,annual,West,25/01/2024,0
C100614,25,99.16,premium,0,monthly,West,06/12/2024,1
C100615,30,56.84,standard,0,monthly,South,13/01/2025,0
C100616,34,101.84,premium,2,annual,East,11/08/2024,0
C100617,3,96.93,premium,0,monthly,East,04/07/2024,0
C100618,25,32.66,basic,2,monthly,North,03/09/2025,0
C100619,60,34.11,basic,-1,annual,East,28/10/2025,0
C100620,31,56.48,standard,2,monthly,North,05/03/2025,0
C100621,39,41.51,basic,1,annual,West,11/04/2025,0
C100622,8,32.83,basic,1,annual,North,04/11/2025,1
C100623,28,97.36,premium,0,monthly,North,20/07/2025,1
C100624,69,56.86,standard,1,monthly,South,29/04/2024,0
C100625,39,48.12,standard,0,monthly,East,23/01/2024,0
C100626,2,102.25,premium,0,monthly,North,21/04/2025,1
C100627,52,26.53,basic,1,annual,North,13/05/2025,0
C100628,55,100.43,premium,4,annual,West,03/01/2024,1
C100629,28,98.36,premium,0,annual,East,16/07/2025,1
C100630,3,21.75,basic,1,monthly,North,07/02/2024,1
C100631,59,27.44,basic,0,monthly,West,19/11/2024,0
C100632,18,30.89,basic,3,annual,West,23/08/2024,0
C100633,66,88.43,premium,2,monthly,East,25/06/2024,1
C100634,26,25.54,basic,0,monthly,North,12/03/2025,1
C100635,28,,basic,0,annual,North,06/12/2024,1
C100636,57,93.08,premium,2,monthly,North,01/10/2025,0
C100637,10,63.09,standard,1,annual,West,20/01/2025,1
C100638,3,56.56,standard,1,annual,East,18/07/2025,1
C100639,54,62.44,standard,1,monthly,East,30/10/2024,0
C100640,66,28.99,basic,4,annual,East,24/07/2024,0
C100641,71,34.79,basic,0,monthly,East,10/08/2024,0
C100642,10,64.65,standard,0,annual,East,13/12/2024,1
C100643,11,35.36,basic,0,monthly,West,13/04/2025,1
C100644,25,56.34,standard,0,annual,West,07/12/2024,0
C100645,51,51.31,standard,1,annual,East,16/09/2025,1
C100646,65,61.34,standard,0,annual,East,18/09/2025,0
C100647,59,62.76,standard,3,monthly,North,06/07/2024,1
C100648,27,32.93,basic,0,monthly,South,16/09/2024,0
C100649,66,28.85,basic,1,annual,South,09/09/2025,0
C100650,19,99.34,premium,1,monthly,West,17/11/2024,0
C100651,9,54.85,basic,0,monthly,East,08/02/2024,1
C100652,31,57.58,standard,-1,monthly,East,25/09/2024,0
C100653,7,37.69,basic,2,annual,South,26/04/2025,0
C100654,49,,premium,0,monthly,West,01/05/2024,1
C100655,71,14.47,basic,1,monthly,North,29/08/2024,0
C100656,8,35.99,basic,0,annual,South,22/01/2025,1
C100657,9,54.35,standard,0,monthly,South,02/01/2025,0
C100658,13,71.08,standard,1,annual,West,25/11/2024,0
C100659,13,92.97,premium,0,monthly,North,05/09/2024,1
C100660,38,53.78,standard,2,monthly,North,26/04/2024,0
C100661,41,33.25,basic,1,monthly,North,26/02/2024,0
C100662,68,36.33,basic,1,monthly,East,11/11/2024,0
C100663,32,55.52,standard,0,annual,North,26/04/2024,0
C100664,66,94.58,premium,0,monthly,West,12/11/2025,0
C100665,54,24.17,basic,0,monthly,East,21/11/2025,0
C100666,61,58.2,standard,1,annual,North,26/01/2024,0
C100667,14,41.21,basic,2,monthly,South,18/10/2024,1
C100668,33,75.75,standard,2,annual,North,29/07/2024,0
C100669,65,65.65,standard,1,annual,North,27/10/2025,0
C100670,54,62.18,standard,1,annual,North,17/01/2024,0
C100671,16,104.47,premium,0,monthly,East,29/12/2024,1
C100672,61,68.15,standard,1,monthly,North,21/09/2025,0
C100673,55,48.31,basic,2,monthly,East,21/09/2025,0
C100674,11,68.66,standard,-1,annual,East,09/10/2024,1
C100675,5,59.06,standard,2,monthly,West,07/11/2024,0
C100676,19,37.07,basic,1,monthly,North,01/11/2024,1
C100677,34,36.43,basic,1,monthly,North,24/11/2025,1
C100678,11,62.42,standard,0,monthly,South,07/02/2025,1
C100679,3,36.6,basic,3,annual,East,30/11/2024,0
C100680,8,28.74,basic,0,monthly,North,17/03/2024,0
C100681,23,18.17,basic,0,monthly,South,30/06/2024,0
C100682,28,29.63,basic,1,monthly,East,11/02/2024,0
C100683,23,18.79,basic,0,monthly,South,03/05/2024,1
C100684,32,95.54,premium,0,monthly,West,19/03/2025,0
C100685,52,,premium,0,monthly,South,20/02/2024,0
C100686,18,21.6,basic,3,annual,East,28/07/2025,0
C100687,33,65.51,standard,0,monthly,north,17/03/2024,0
C100688,52,101.93,premium,1,annual,North,20/05/2025,0
C100689,5,35.77,basic,0,monthly,East,22/04/2025,1
C100690,67,73.34,standard,1,monthly,West,22/05/2024,0
C100691,71,49.97,basic,0,monthly,West,10/09/2024,0
C100692,21,50.35,standard,2,annual,North,03/11/2024,1
C100693,64,103.29,premium,1,monthly,East,03/09/2025,1
C100694,18,38.53,basic,1,monthly,East,26/02/2024,0
C100695,66,98.35,premium,0,annual,South,18/05/2024,0
C100696,47,67.48,standard,1,monthly,South,09/09/2024,0
C100697,18,54.25,standard,2,monthly,West,15/10/2025,1
C100698,5,,standard,1,monthly,South,09/04/2025,1
C100699,28,88.39,premium,1,annual,North,13/05/2024,0
C100700,53,28.96,basic,0,monthly,West,27/04/2025,0
C100701,17,59.21,standard,0,annual,West,08/07/2024,0
C100702,37,23.39,basic,1,monthly,East,21/10/2024,0
C100703,9,51.63,standard,3,monthly,East,25/08/2024,1
C100704,31,64.62,standard,2,annual,West,03/03/2025,0
C100705,3,34.43,basic,1,monthly,South,02/07/2024,1
C100706,71,38.06,basic,0,monthly,West,29/10/2025,0
C100707,36,44.89,standard,1,monthly,West,17/10/2024,1
C100708,60,88.73,premium,0,monthly,East,29/05/2024,0
C100709,9,55.56,standard,1,annual,North,15/07/2025,0
C100710,12,35.26,basic,1,monthly,South,07/11/2025,0
C100711,13,55.31,standard,2,annual,North,19/02/2024,1
C100712,41,42.47,basic,1,monthly,South,20/04/2025,0
C100713,62,,standard,0,annual,South,19/06/2024,0
C100714,44,60.14,standard,1,monthly,north,05/10/2025,1
C100715,35,60.11,standard,1,monthly,East,07/02/2024,0
C100716,67,40.66,basic,1,annual,West,15/05/2024,0
C100717,14,31.23,basic,2,monthly,East,26/06/2025,1
C100718,12,68.98,standard,1,annual,East,14/11/2024,1
C100719,48,63.68,standard,1,annual,South,24/03/2024,1
C100720,61,61.23,standard,2,annual,East,11/03/2025,1
C100721,19,35.33,basic,1,annual,East,22/12/2024,0
C100722,19,39.16,basic,2,annual,East,08/05/2025,0
C100723,38,68.12,standard,3,monthly,West,30/08/2025,1
C100724,56,67.56,standard,0,annual,North,28/02/2024,0
C100725,21,98.01,premium,0,monthly,West,09/08/2024,1
C100726,59,102.01,premium,1,annual,West,22/07/2024,0
C100727,37,35.95,basic,3,monthly,East,21/03/2024,0
C100728,51,70.02,standard,2,annual,East,10/07/2025,0
C100729,45,34.79,basic,3,annual,South,05/07/2024,0
C100730,35,43.4,standard,0,monthly,South,12/08/2025,0
C100731,39,45.7,basic,3,annual,South,19/10/2025,0
C100732,71,35.86,basic,2,monthly,South,16/09/2024,1
C100733,29,50.63,standard,4,monthly,West,07/03/2024,0
C100734,68,58.41,standard,1,annual,South,26/04/2025,0
C100735,57,52.93,standard,1,monthly,West,27/08/2025,0
C100736,13,76.8,standard,3,monthly,West,21/07/2025,1
C100737,63,63.98,standard,3,annual,West,25/03/2024,1
C100738,28,22.45,basic,0,monthly,West,12/03/2025,1
C100739,13,64.37,standard,1,monthly,South,24/04/2024,0
C100740,18,31.81,basic,2,annual,South,05/02/2025,1
C100741,10,75.33,standard,0,monthly,South,24/06/2025,0
C100742,25,51.58,standard,3,annual,East,08/12/2024,1
C100743,9,42.02,standard,1,monthly,South,23/03/2025,0
C100744,39,35.53,basic,1,annual,West,04/01/2024,0
C100745,70,,standard,2,monthly,West,12/08/2024,1
C100746,69,31.67,basic,2,annual,South,05/02/2025,0
C100747,67,17.87,basic,3,annual,West,06/05/2025,0
C100748,18,38.41,basic,2,monthly,East,08/10/2025,1
C100749,17,73.39,standard,1,monthly,East,13/04/2024,1
C100750,49,79.73,premium,3,annual,East,08/09/2024,1
C100751,69,44.37,basic,0,monthly,South,08/09/2025,0
C100752,59,30.45,basic,0,annual,North,24/02/2024,0
C100753,15,78.79,standard,1,annual,East,07/02/2025,0
C100754,53,38.49,basic,0,monthly,South,03/08/2024,0
C100755,36,93.5,premium,0,monthly,South,24/10/2025,1
C100756,32,43.84,basic,2,monthly,South,14/07/2025,0
C100757,36,39.21,basic,-1,annual,East,21/02/2025,1
C100758,39,55.26,standard,-1,monthly,West,10/09/2024,1
C100759,65,,basic,3,monthly,North,04/02/2025,1
C100760,57,30.91,basic,0,annual,East,13/05/2025,0
C100761,3,20.69,basic,2,monthly,North,23/08/2025,1
C100762,55,76.25,standard,0,annual,South,21/01/2024,0
C100763,23,92.2,premium,0,annual,South,12/02/2025,0
C100764,24,30.13,basic,0,monthly,East,14/07/2024,1
C100765,43,62.71,standard,0,monthly,South,01/03/2024,0
C100766,70,22.52,basic,0,monthly,West,15/07/2025,0
C100767,5,49.17,standard,0,annual,North,04/03/2025,0
C100768,37,31.0,basic,0,monthly,North,26/05/2024,0
C100769,17,30.84,basic,1,monthly,West,24/07/2024,0
C100770,65,95.58,premium,-1,annual,South,02/10/2024,0
C100771,34,68.98,standard,3,monthly,East,22/03/2025,0
C100772,61,31.21,basic,0,annual,South,07/01/2025,0
C100773,63,38.94,basic,0,monthly,South,29/11/2025,1
C100774,8,99.81,premium,1,monthly,North,23/09/2025,1
C100775,55,86.33,premium,2,annual,West,03/03/2025,1
C100776,57,61.83,standard,-1,monthly,South,17/06/2025,0
C100777,59,87.46,premium,0,monthly,North,06/08/2025,1
C100778,71,103.51,premium,0,monthly,West,25/02/2024,0
C100779,55,63.64,standard,-1,annual,South,05/09/2024,1
C100780,60,999.0,standard,0,annual,North,20/06/2025,0
C100781,51,24.28,basic,1,monthly,West,09/01/2024,0
C100782,21,35.93,basic,0,monthly,North,17/04/2025,0
C100783,61,53.86,standard,2,monthly,West,02/02/2024,1
C100784,50,100.65,premium,1,annual,West,13/01/2025,0
C100785,49,34.05,basic,1,monthly,West,13/01/2024,1
C100786,70,28.5,basic,0,annual,South,06/09/2025,0
C100787,53,42.4,basic,2,annual,North,01/06/2024,1
C100788,25,65.77,standard,2,monthly,North,28/09/2025,1
C100789,22,30.25,basic,1,annual,East,08/07/2024,0
C100790,24,69.3,standard,0,monthly,South,11/01/2025,0
C100791,12,32.61,basic,1,annual,North,13/08/2024,1
C100792,6,57.53,standard,1,monthly,East,02/01/2025,1
C100793,54,60.99,standard,1,annual,North,03/04/2025,1
C100794,56,53.98,standard,1,annual,West,29/11/2024,0
C100795,12,31.47,basic,2,monthly,West,08/06/2025,0
C100796,28,33.72,basic,1,annual,East,04/11/2024,0
C100797,66,72.24,standard,1,monthly,North,22/06/2025,0
C100798,60,47.0,basic,1,monthly,East,13/11/2024,0
C100799,43,32.93,basic,1,annual,North,10/06/2025,0
C100800,69,72.88,standard,1,monthly,North,27/04/2024,0
C100801,24,34.65,basic,1,annual,North,21/08/2025,0
C100802,60,,premium,1,monthly,North,12/09/2024,0
C100803,67,102.07,premium,0,monthly,East,19/05/2025,1
C100804,43,97.34,premium,1,monthly,West,19/11/2024,0
C100805,12,114.32,premium,1,monthly,East,17/11/2024,1
C100806,21,61.95,standard,2,annual,North,30/01/2024,0
C100807,37,25.42,basic,1,annual,North,16/10/2024,1
C100808,20,105.44,premium,0,annual,East,12/01/2025,0
C100809,7,56.7,standard,0,annual,South,27/02/2024,0
C100810,13,57.57,standard,0,monthly,South,08/05/2024,0
C100811,69,36.07,standard,2,monthly,West,10/01/2024,0
C100812,28,103.01,premium,1,monthly,West,18/07/2025,0
C100813,41,41.55,basic,0,monthly,North,22/08/2025,0
C100814,32,66.39,standard,1,monthly,North,17/06/2025,0
C100815,58,67.83,standard,0,monthly,North,14/04/2024,0
C100816,8,48.53,basic,1,monthly,East,08/07/2025,1
C100817,21,34.63,basic,0,annual,East,28/08/2025,0
C100818,42,42.5,basic,1,monthly,West,14/02/2024,0
C100819,57,54.05,standard,1,annual,North,06/10/2024,0
C100820,33,32.17,basic,1,annual,East,29/07/2025,0
C100821,50,43.45,basic,2,monthly,East,11/02/2024,0
C100822,57,98.13,premium,0,annual,East,15/05/2025,0
C100823,46,49.33,standard,1,annual,South,03/08/2025,0
C100824,59,62.89,standard,0,monthly,North,05/03/2024,0
C100825,68,93.54,premium,0,annual,North,15/05/2025,0
C100826,16,28.45,basic,3,monthly,West,28/04/2025,1
C100827,31,63.47,standard,1,monthly,East,29/11/2025,0
C100828,17,31.76,basic,0,monthly,West,20/02/2024,0
C100829,30,22.44,basic,-1,monthly,West,14/01/2025,1
C100830,1,86.11,premium,4,annual,West,04/11/2024,1
C100831,50,49.15,basic,0,monthly,South,13/10/2025,0
C100832,17,47.88,standard,2,annual,South,01/11/2024,0
C100833,60,96.78,premium,0,monthly,North,20/12/2024,0
C100834,52,64.88,standard,1,monthly,North,15/02/2024,1
C100835,24,65.11,standard,2,monthly,West,02/07/2024,0
C100836,33,25.2,basic,3,annual,North,19/06/2025,0
C100837,48,,basic,1,monthly,North,07/10/2024,0
C100838,30,61.13,standard,1,monthly,West,29/07/2025,0
C100839,15,41.4,basic,2,monthly,North,06/04/2025,1
C100840,4,,basic,1,annual,North,28/09/2024,0
C100841,40,25.69,basic,1,annual,South,14/09/2025,0
C100842,38,999.0,premium,1,monthly,West,27/04/2025,1
C100843,55,,basic,1,annual,North,25/07/2025,0
C100844,10,37.96,basic,2,monthly,East,26/01/2024,0
C100845,5,90.13,premium,1,monthly,North,13/10/2025,0
C100846,53,38.25,basic,1,monthly,West,08/12/2024,0
C100847,52,95.87,premium,3,annual,West,10/01/2025,1
C100848,57,101.7,premium,2,monthly,East,10/05/2025,0
C100849,2,50.01,standard,4,annual,North,18/11/2024,1
C100850,47,35.93,basic,3,annual,West,14/06/2024,0
C100851,69,33.73,basic,2,monthly,West,02/01/2025,0
C100852,55,26.12,basic,0,monthly,South,14/11/2025,0
C100853,34,36.73,basic,0,monthly,East,15/10/2025,0
C100854,34,35.28,basic,0,monthly,South,08/06/2024,1
C100855,30,31.72,basic,1,monthly,North,13/09/2024,0
C100856,4,,premium,1,monthly,South,13/11/2024,1
C100857,52,48.65,standard,0,annual,North,12/02/2024,0
C100858,39,94.57,premium,2,annual,East,19/04/2024,0
C100859,38,63.45,standard,1,annual,East,01/10/2024,0
C100860,67,37.27,basic,1,monthly,East,03/02/2025,0
C100861,52,68.61,standard,3,monthly,East,30/03/2025,1
C100862,69,25.39,basic,1,annual,South,16/12/2024,0
C100863,7,22.94,basic,1,annual,North,05/08/2025,0
C100864,68,96.91,premium,2,monthly,North,13/11/2024,1
C100865,40,38.64,basic,0,annual,South,22/10/2025,0
C100866,29,51.96,basic,0,annual,South,03/01/2024,0
C100867,40,39.93,basic,2,monthly,West,26/04/2025,1
C100868,3,53.01,standard,2,monthly,East,22/11/2025,1
C100869,67,66.45,standard,1,monthly,East,23/07/2025,1
C100870,45,28.23,basic,2,monthly,South,27/11/2024,0
C100871,3,48.11,standard,1,monthly,East,22/07/2025,0
C100872,65,55.87,basic,0,annual,South,10/07/2025,1
C100873,33,62.61,standard,2,monthly,West,20/07/2025,0
C100874,9,65.72,standard,1,annual,North,11/11/2025,1
C100875,45,,standard,0,annual,North,23/02/2025,0
C100876,5,74.5,standard,1,monthly,West,17/07/2024,0
C100877,40,62.27,standard,0,annual,South,23/10/2025,0
C100878,55,104.74,premium,0,monthly,East,29/05/2024,1
C100879,6,51.78,standard,0,annual,West,16/09/2025,0
C100880,57,23.86,basic,0,monthly,West,07/05/2024,1
C100881,43,71.41,standard,1,annual,South,06/01/2024,0
C100882,24,46.8,basic,2,monthly,South,15/06/2025,1
C100883,16,39.09,basic,0,annual,South,25/03/2024,0
C100884,1,36.81,basic,0,annual,North,22/02/2024,1
C100885,14,36.33,basic,2,monthly,West,25/11/2025,1
C100886,21,89.49,premium,0,annual,West,19/10/2025,0
C100887,63,72.31,standard,4,monthly,West,11/04/2025,1
C100888,37,100.27,premium,1,monthly,South,16/05/2025,0
C100889,15,64.05,standard,1,monthly,West,08/04/2024,0
C100890,53,38.01,basic,1,annual,West,23/02/2025,0
C100891,33,43.38,basic,1,monthly,West,29/09/2025,1
C100892,60,39.04,basic,2,annual,East,15/12/2024,0
C100893,54,,basic,0,monthly,South,03/03/2024,0
C100894,67,25.65,basic,2,monthly,South,15/04/2025,1
C100895,51,64.08,standard,1,annual,East,11/01/2025,0
C100896,8,,basic,1,annual,South,10/04/2025,1
C100897,40,30.85,basic,0,monthly,North,28/09/2024,0
C100898,31,58.97,standard,3,annual,South,14/11/2024,0
C100899,58,67.14,standard,1,monthly,South,20/07/2024,0
C100900,11,67.66,standard,2,annual,North,01/01/2025,1
C100901,34,,standard,2,monthly,North,16/06/2024,0
C100902,59,22.06,basic,5,annual,West,19/07/2024,0
C100903,45,,basic,0,monthly,East,01/03/2024,1
C100904,3,,basic,0,annual,South,17/03/2024,0
C100905,59,28.4,basic,4,monthly,West,21/09/2024,0
C100906,27,64.38,standard,1,monthly,East,07/12/2024,0
C100907,49,92.63,premium,3,annual,West,11/03/2024,0
C100908,47,66.48,standard,0,monthly,North,23/01/2025,1
C100909,46,60.19,basic,3,annual,South,12/03/2025,0
C100910,30,41.22,basic,1,annual,North,08/09/2024,0
C100911,29,100.78,premium,1,annual,East,13/08/2024,0
C100912,8,87.83,premium,1,monthly,West,16/06/2024,0
C100913,40,54.86,standard,0,annual,South,20/06/2025,0
C100914,21,26.49,basic,0,monthly,South,05/03/2025,0
C100915,29,,basic,2,monthly,West,18/10/2025,1
C100916,12,51.27,standard,1,monthly,North,25/05/2025,1
C100917,53,89.72,premium,2,monthly,South,12/09/2025,1
C100918,66,33.33,basic,2,monthly,South,03/09/2024,0
C100919,28,27.0,basic,1,monthly,North,01/06/2025,0
C100920,31,23.65,basic,1,monthly,South,07/07/2025,1
C100921,34,24.11,basic,1,annual,South,30/06/2025,0
C100922,6,98.63,premium,2,monthly,West,14/09/2025,0
C100923,54,60.48,standard,2,monthly,North,05/03/2024,1
C100924,63,103.21,premium,2,annual,North,25/01/2024,0
C100925,36,43.36,basic,2,annual,South,11/11/2025,0
C100926,5,32.27,basic,0,annual,North,16/12/2024,0
C100927,25,65.36,standard,0,annual,South,07/02/2025,0
C100928,12,48.48,standard,1,annual,West,06/04/2024,1
C100929,59,53.26,basic,2,monthly,South,15/01/2025,0
C100930,57,44.56,basic,1,annual,East,29/06/2024,0
C100931,28,58.28,standard,-1,monthly,East,16/04/2025,0
C100932,27,50.69,standard,1,monthly,East,14/03/2024,0
C100933,60,63.04,standard,1,monthly,West,11/05/2024,0
C100934,7,20.04,basic,0,monthly,East,06/07/2025,0
C100935,56,88.77,premium,1,monthly,West,24/11/2024,0
C100936,69,65.99,standard,2,monthly,West,22/03/2024,0
C100937,32,60.6,standard,1,annual,East,26/03/2024,0
C100938,54,56.07,standard,3,monthly,South,11/08/2024,0
C100939,51,42.61,basic,0,annual,South,05/10/2025,0
C100940,64,26.69,basic,-1,annual,North,19/11/2024,0
C100941,3,37.28,basic,3,annual,North,15/12/2024,0
C100942,51,,basic,0,monthly,North,08/12/2024,0
C100943,28,28.22,basic,1,monthly,East,02/04/2024,0
C100944,62,38.71,basic,3,monthly,North,25/05/2024,0
C100945,62,27.06,basic,0,annual,North,09/11/2025,0
C100946,21,50.22,basic,2,annual,North,25/03/2024,1
C100947,42,90.32,premium,0,monthly,North,10/02/2025,0
C100948,36,50.92,basic,1,annual,West,03/08/2024,0
C100949,40,26.25,basic,2,monthly,East,12/06/2025,1
C100950,60,99.85,premium,4,annual,East,30/04/2024,1
C100951,48,50.4,standard,2,annual,North,16/07/2025,0
C100952,54,24.27,basic,1,annual,East,17/01/2024,0
C100953,49,36.28,basic,0,annual,West,02/05/2025,0
C100954,18,65.42,standard,1,monthly,South,29/12/2024,0
C100955,42,24.81,basic,1,annual,East,06/11/2024,0
C100956,27,104.47,premium,1,monthly,South,20/12/2024,1
C100957,30,88.62,premium,4,monthly,East,15/07/2024,0
C100958,8,36.05,basic,1,monthly,East,08/03/2025,0
C100959,14,38.04,basic,2,annual,West,06/02/2024,1
C100960,25,99.76,premium,2,annual,South,22/03/2025,0
C100961,21,20.62,basic,0,annual,North,12/03/2025,0
C100962,46,72.95,standard,3,monthly,West,31/07/2025,0
C100963,21,99.49,premium,1,annual,South,18/03/2024,0
C100964,18,56.6,standard,2,annual,West,10/02/2025,1
C100965,31,86.81,premium,1,monthly,East,15/09/2024,1
C100966,41,46.45,standard,1,annual,South,18/11/2024,0
C100967,71,84.11,premium,0,monthly,West,14/09/2025,0
C100968,37,64.36,standard,1,monthly,North,31/07/2025,1
C100969,26,32.27,basic,2,monthly,North,24/09/2025,1
C100970,23,50.95,standard,4,annual,South,21/10/2025,1
C100971,32,30.78,basic,0,annual,East,29/07/2025,1
C100972,66,72.51,standard,1,annual,West,02/02/2025,0
C100973,27,92.35,premium,0,monthly,West,15/05/2024,1
C100974,18,30.32,basic,1,annual,East,23/11/2024,0
C100975,42,45.8,basic,-1,monthly,North,21/10/2025,1
C100976,55,38.7,basic,0,monthly,East,04/06/2024,0
C100977,68,60.35,standard,1,annual,East,08/04/2024,1
C100978,20,90.14,premium,-1,monthly,West,08/06/2025,0
C100979,64,82.58,premium,1,monthly,East,04/10/2025,0
C100980,61,85.64,premium,0,monthly,West,22/01/2024,1
C100981,27,56.16,standard,2,annual,South,08/06/2025,1
C100982,24,58.24,standard,2,annual,South,19/07/2025,1
C100983,19,37.85,basic,0,monthly,East,10/11/2025,0
C100984,23,39.41,basic,0,monthly,North,03/09/2025,0
C100985,63,36.78,basic,0,monthly,West,19/11/2025,1
C100986,23,96.76,premium,1,annual,East,16/04/2024,1
C100987,36,26.94,basic,0,monthly,South,02/01/2025,0
C100988,67,17.76,basic,1,annual,South,01/08/2025,0
C100989,49,30.83,basic,0,monthly,north,06/08/2024,0
C100990,10,27.37,basic,0,annual,North,15/07/2025,0
C100991,6,54.78,standard,0,annual,East,04/10/2025,1
C100992,16,32.8,basic,0,monthly,West,23/09/2025,0
C100993,62,25.05,basic,3,monthly,North,07/08/2024,1
C100994,17,,premium,4,monthly,West,19/07/2025,0
C100995,23,94.2,premium,2,monthly,West,20/08/2024,0
C100996,39,60.93,standard,1,monthly,North,28/09/2025,0
C100997,36,54.75,standard,1,monthly,North,02/02/2025,0
C100998,6,38.99,basic,1,annual,East,11/07/2025,1
C100999,15,93.24,premium,1,monthly,West,09/04/2024,1
C101000,71,51.84,standard,1,monthly,South,13/04/2024,0
C101001,30,60.33,standard,0,monthly,West,15/11/2024,1
C101002,20,50.06,basic,1,annual,West,08/03/2025,0
C101003,59,29.6,basic,0,annual,West,06/04/2024,0
C101004,34,44.33,basic,1,monthly,West,22/07/2024,0
C101005,59,46.02,basic,0,monthly,West,13/11/2024,0
C101006,12,46.99,basic,1,annual,North,20/04/2025,0
C101007,34,28.42,basic,3,monthly,East,27/09/2025,0
C101008,58,51.12,basic,1,annual,North,20/06/2025,0
C101009,55,35.93,basic,0,annual,South,06/10/2025,0
C101010,49,,basic,1,annual,North,07/10/2025,1
C101011,33,33.16,basic,0,monthly,East,01/11/2025,0
C101012,59,39.81,basic,2,annual,East,11/08/2025,0
C101013,27,60.41,standard,1,monthly,East,22/05/2025,1
C101014,47,,standard,1,annual,North,22/01/2025,1
C101015,39,45.27,basic,0,monthly,North,06/06/2025,1
C101016,22,,standard,0,monthly,North,10/10/2025,1
C101017,15,51.65,standard,1,annual,West,25/10/2024,0
C101018,38,66.34,standard,2,annual,East,30/08/2024,1
C101019,23,65.63,standard,-1,annual,South,18/09/2025,0
C101020,37,68.75,standard,2,annual,South,15/04/2025,0
C101021,51,86.42,premium,0,monthly,East,03/04/2024,0
C101022,57,103.65,premium,0,monthly,South,11/07/2024,0
C101023,55,63.86,standard,1,monthly,South,26/04/2024,1
C101024,37,74.1,standard,2,monthly,South,21/10/2025,1
C101025,5,25.01,basic,2,annual,South,23/03/2024,1
C101026,13,61.75,standard,1,annual,West,04/02/2024,1
C101027,53,32.78,basic,0,monthly,West,12/10/2024,0
C101028,43,22.28,basic,0,monthly,East,05/11/2024,1
C101029,59,29.28,basic,4,monthly,West,11/02/2024,0
C101030,35,44.02,basic,1,annual,North,12/12/2024,0
C101031,32,,basic,1,monthly,North,07/05/2025,0
C101032,18,54.22,standard,1,annual,North,05/07/2025,0
C101033,5,66.95,standard,0,annual,West,07/05/2024,0
C101034,11,999.0,standard,1,annual,West,23/06/2025,1
C101035,49,42.89,basic,1,monthly,West,27/04/2025,1
C101036,42,53.68,standard,1,annual,North,11/09/2025,1
C101037,18,94.54,premium,2,monthly,East,29/01/2025,1
C101038,26,43.25,basic,0,annual,North,24/03/2024,0
C101039,46,29.75,basic,0,annual,East,29/04/2025,0
C101040,28,29.01,basic,0,monthly,South,14/07/2025,1
C101041,27,66.63,standard,3,annual,South,06/05/2025,0
C101042,20,47.5,basic,1,monthly,North,18/01/2025,0
C101043,46,50.78,standard,0,annual,East,04/07/2025,1
C101044,64,14.22,basic,4,monthly,East,10/09/2025,1
C101045,19,48.4,standard,0,annual,South,01/12/2024,0
C101046,21,51.9,standard,0,monthly,North,18/10/2024,1
C101047,34,58.9,standard,3,monthly,West,03/02/2025,0
C101048,14,39.93,basic,0,monthly,South,15/04/2025,0
C101049,38,58.83,standard,1,annual,East,24/06/2024,0
C101050,63,54.4,standard,2,monthly,South,10/03/2024,0
C101051,45,61.23,standard,0,annual,South,16/12/2024,1
C101052,12,27.31,basic,3,annual,South,11/04/2025,0
C101053,15,94.62,premium,1,monthly,West,03/03/2024,1
C101054,6,54.87,standard,0,annual,South,14/05/2024,1
C101055,69,56.44,basic,2,monthly,West,30/10/2025,0
C101056,25,41.53,basic,2,annual,West,10/01/2025,0
C101057,21,53.32,standard,4,annual,North,12/10/2025,0
C101058,61,52.02,standard,3,monthly,East,02/06/2025,0
C101059,22,31.49,basic,3,annual,North,21/02/2024,0
C101060,17,21.84,basic,1,monthly,North,31/03/2024,1
C101061,19,29.16,basic,0,monthly,North,08/01/2024,0
C101062,29,54.09,standard,2,annual,South,21/08/2025,0
C101063,5,999.0,basic,2,monthly,West,03/10/2024,1
C101064,46,31.59,basic,0,monthly,North,24/06/2024,0
C101065,31,53.68,standard,2,monthly,North,03/01/2025,0
C101066,69,24.28,basic,2,annual,South,11/04/2025,0
C101067,55,25.59,basic,0,annual,South,01/12/2024,0
C101068,28,94.47,premium,2,monthly,North,15/02/2024,0
C101069,51,33.28,basic,0,monthly,East,24/08/2024,1
C101070,58,,standard,2,monthly,North,21/09/2024,1
C101071,14,29.97,basic,0,annual,South,11/03/2025,0
C101072,12,43.47,basic,0,monthly,West,15/04/2025,1
C101073,10,97.06,premium,1,annual,South,07/10/2024,1
C101074,4,,premium,0,annual,South,28/07/2024,0
C101075,23,18.93,basic,4,monthly,North,11/10/2024,1
C101076,57,24.68,basic,4,monthly,North,08/04/2024,0
C101077,55,40.93,basic,2,annual,North,23/01/2024,1
C101078,27,46.18,basic,1,monthly,East,01/05/2024,1
C101079,35,61.65,standard,3,monthly,East,19/02/2025,1
C101080,55,66.1,standard,0,annual,South,11/02/2025,0
C101081,66,56.74,standard,4,monthly,North,28/02/2024,1
C101082,20,57.03,standard,3,annual,North,02/06/2025,1
C101083,47,29.7,basic,2,monthly,West,23/08/2025,1
C101084,43,42.8,basic,3,annual,East,18/06/2024,0
C101085,45,62.74,standard,0,monthly,North,30/11/2024,0
C101086,57,58.13,standard,0,annual,West,22/09/2024,0
C101087,55,32.37,basic,1,monthly,South,05/09/2024,0
C101088,29,39.45,basic,2,annual,South,08/11/2025,1
C101089,54,97.58,premium,3,monthly,North,07/04/2025,1
C101090,4,28.34,basic,1,annual,South,04/05/2025,0
C101091,25,48.73,basic,1,monthly,West,11/09/2025,1
C101092,16,37.06,basic,0,annual,North,04/12/2024,0
C101093,19,95.08,premium,0,monthly,West,28/04/2024,0
C101094,65,46.82,basic,1,monthly,West,06/05/2025,0
C101095,32,43.19,basic,4,annual,North,07/10/2024,1
C101096,6,34.3,basic,0,monthly,North,28/10/2025,1
C101097,35,64.29,standard,1,monthly,North,12/11/2025,1
C101098,5,26.44,basic,0,annual,East,28/09/2024,0
C101099,11,89.87,premium,1,monthly,North,27/08/2025,1
C101100,28,16.92,basic,1,monthly,North,28/05/2025,0
C101101,32,69.76,standard,1,annual,East,30/09/2024,1
C101102,17,19.81,basic,0,monthly,West,14/04/2025,0
C101103,46,100.45,premium,0,monthly,East,10/09/2024,1
C101104,36,28.35,basic,2,monthly,East,03/08/2025,0
C101105,10,52.17,standard,2,monthly,East,25/07/2025,1
C101106,59,93.44,premium,1,annual,South,27/10/2025,0
C101107,10,37.13,basic,2,annual,South,28/02/2024,1
C101108,26,999.0,basic,0,annual,East,14/05/2025,0
C101109,13,74.17,standard,0,monthly,South,24/03/2024,1
C101110,67,62.87,standard,1,annual,North,02/08/2025,0
C101111,21,67.05,standard,3,annual,East,03/02/2025,1
C101112,62,55.21,standard,0,monthly,North,06/12/2024,0
C101113,69,65.71,standard,1,annual,North,01/02/2025,0
C101114,16,,standard,1,annual,South,04/10/2025,1
C101115,2,56.29,standard,0,annual,West,02/02/2025,0
C101116,1,59.23,standard,2,annual,East,24/10/2025,1
C101117,14,34.5,basic,1,monthly,West,19/06/2025,1
C101118,29,36.53,basic,3,monthly,East,14/11/2025,0
C101119,12,38.21,basic,1,monthly,East,08/09/2025,1
C101120,68,30.93,basic,1,monthly,North,19/02/2024,0
C101121,34,29.07,basic,0,annual,North,06/10/2024,0
C101122,61,65.98,standard,0,monthly,East,20/09/2024,1
C101123,2,21.43,basic,3,annual,North,16/08/2024,0
C101124,10,30.05,basic,3,annual,West,09/01/2025,0
C101125,33,72.42,standard,0,annual,West,17/08/2025,0
C101126,12,13.34,basic,0,monthly,West,26/04/2024,0
C101127,12,29.46,basic,1,monthly,West,20/06/2024,1
C101128,2,40.5,basic,0,annual,East,03/08/2024,0
C101129,20,46.8,standard,1,annual,East,04/09/2025,0
C101130,55,80.79,standard,1,monthly,East,08/03/2024,0
C101131,57,74.29,premium,2,monthly,West,09/05/2025,0
C101132,37,106.49,premium,1,monthly,North,12/05/2024,1
C101133,14,47.46,basic,1,monthly,South,15/08/2025,1
C101134,32,67.33,standard,0,annual,East,03/10/2025,0
C101135,44,33.23,basic,2,monthly,West,21/03/2025,0
C101136,11,37.86,basic,3,annual,East,03/04/2025,1
C101137,29,87.82,premium,1,annual,East,15/03/2024,0
C101138,59,41.47,basic,2,monthly,North,30/07/2025,0
C101139,30,26.04,basic,2,annual,South,15/05/2025,0
C101140,34,57.81,standard,1,annual,South,11/02/2024,0
C101141,58,67.97,standard,1,monthly,East,13/12/2024,0
C101142,48,26.09,basic,1,monthly,North,29/11/2024,1
C101143,12,92.09,premium,2,monthly,North,08/05/2024,1
C101144,44,36.31,basic,2,monthly,South,27/11/2025,1
C101145,66,49.27,standard,1,annual,South,12/03/2024,0
C101146,16,44.31,basic,3,annual,North,05/04/2025,1
C101147,64,97.73,premium,0,annual,West,03/07/2024,0
C101148,42,22.88,basic,1,monthly,East,01/08/2025,0
C101149,48,34.62,basic,1,annual,South,28/03/2024,0
C101150,24,88.8,premium,0,annual,South,05/09/2024,0
C101151,4,89.74,premium,0,monthly,East,04/04/2024,0
C101152,2,,premium,1,monthly,North,06/07/2024,0
C101153,48,89.32,premium,1,annual,East,13/08/2025,0
C101154,70,42.72,basic,2,monthly,North,21/07/2025,1
C101155,43,29.36,basic,3,monthly,West,27/10/2025,0
C101156,26,67.85,standard,3,monthly,West,15/06/2024,1
C101157,55,34.65,basic,1,monthly,North,27/11/2025,0
C101158,68,101.85,premium,3,monthly,North,18/07/2025,0
C101159,16,30.67,basic,0,monthly,East,26/01/2025,1
C101160,8,30.96,basic,2,annual,East,02/01/2025,0
C101161,68,25.78,basic,0,annual,South,31/01/2025,0
C101162,4,39.62,basic,1,annual,West,19/06/2025,1
C101163,63,67.5,standard,0,annual,North,11/02/2024,0
C101164,11,51.95,basic,0,monthly,West,10/10/2025,0
C101165,9,105.32,premium,0,monthly,North,23/03/2024,1
C101166,20,62.0,standard,0,annual,West,25/03/2024,0
C101167,23,33.31,basic,0,monthly,East,23/06/2025,0
C101168,24,98.11,premium,0,monthly,North,30/11/2024,1
C101169,3,59.78,standard,1,annual,North,03/02/2025,0
C101170,61,46.71,basic,-1,monthly,West,10/10/2024,0
C101171,59,102.55,premium,0,monthly,East,31/01/2025,0
C101172,49,88.31,premium,0,annual,East,19/05/2025,1
C101173,65,54.5,standard,0,annual,South,11/06/2025,0
C101174,67,45.94,basic,3,monthly,West,22/05/2025,1
C101175,71,97.46,premium,2,monthly,South,23/07/2025,1
C101176,27,93.15,premium,2,annual,North,19/06/2025,1
C101177,44,44.49,basic,0,monthly,West,12/05/2025,0
C101178,55,31.9,basic,0,monthly,North,30/06/2025,0
C101179,48,92.76,premium,3,annual,North,08/01/2024,0
C101180,57,56.31,standard,0,annual,West,29/09/2025,0
C101181,49,19.31,basic,0,annual,East,15/01/2025,0
C101182,28,66.91,standard,0,monthly,East,29/11/2024,1
C101183,41,25.33,basic,0,annual,South,07/08/2025,0
C101184,15,90.45,premium,1,monthly,East,18/08/2024,1
C101185,68,29.05,basic,1,monthly,North,27/07/2025,0
C101186,64,40.82,basic,2,annual,East,18/08/2024,1
C101187,44,34.45,basic,1,monthly,South,26/10/2025,0
C101188,55,35.12,basic,1,monthly,West,31/10/2025,1
C101189,24,81.56,premium,1,annual,West,29/12/2024,1
C101190,28,34.3,basic,1,monthly,East,29/08/2025,0
C101191,37,48.19,standard,1,annual,North,31/12/2024,0
C101192,19,97.46,premium,0,monthly,East,11/12/2024,1
C101193,2,,basic,1,annual,East,18/01/2024,0
C101194,29,34.86,basic,0,annual,West,18/09/2024,0
C101195,52,111.35,premium,1,annual,South,24/12/2024,0
C101196,19,39.22,basic,1,annual,East,30/03/2024,0
C101197,50,99.77,premium,2,monthly,East,29/01/2025,1
C101198,43,96.14,premium,0,monthly,East,09/09/2024,0
C101199,30,33.46,basic,1,monthly,East,04/10/2025,1
C100000,68,106.0,premium,1,annual,North,02/07/2025,1
C100001,45,56.05,standard,1,monthly,North,05/09/2025,0
C100002,49,28.81,basic,0,monthly,West,16/04/2025,0
C100003,64,43.13,basic,0,monthly,East,16/08/2024,0
C100004,42,36.12,basic,1,monthly,South,09/11/2024,1
C100005,56,26.18,basic,-1,annual,North,04/06/2024,0
C100006,60,31.96,basic,1,monthly,West,30/09/2025,0
C100007,16,28.95,basic,2,annual,West,10/05/2024,0
C100008,4,97.37,premium,2,annual,South,12/03/2025,1
C100009,22,35.88,basic,1,annual,North,28/06/2024,0
C100010,21,104.2,premium,3,monthly,West,31/01/2024,1
C100011,63,65.68,standard,2,monthly,East,15/06/2024,0
